Country Name,Country Code,Series Name,Series Code,2012,2013,2014,2015,2016,2017,2018,2019,2020,2021,2022,2023,2024,2025
Kazakhstan,KAZ,Access to clean fuels and technologies for cooking (% of population),EG.CFT.ACCS.ZS,92.2,92.8,93,93.3,93.5,93.8,94,94,94.2,94.2,94.1,94.2,..,..
Kazakhstan,KAZ,"Access to clean fuels and technologies for cooking, rural (% of rural population)",EG.CFT.ACCS.RU.ZS,85.3,86,86.6,87.4,88,88.6,89.2,89.5,89.7,90,90.3,90.9,..,..
Kazakhstan,KAZ,"Access to clean fuels and technologies for cooking, urban (% of urban population)",EG.CFT.ACCS.UR.ZS,97.9,97.9,97.9,97.9,97.9,98,97.9,97.9,97.8,97.7,97.7,97.7,..,..
Kazakhstan,KAZ,Access to electricity (% of population),EG.ELC.ACCS.ZS,100,100,100,100,100,100,100,100,100,100,100,100,..,..
Kazakhstan,KAZ,"Access to electricity, rural (% of rural population)",EG.ELC.ACCS.RU.ZS,100,100,100,100,100,100,100,100,100,100,100,100,..,..
Kazakhstan,KAZ,"Access to electricity, urban (% of urban population)",EG.ELC.ACCS.UR.ZS,100,100,100,100,100,100,100,100,100,100,100,100,..,..
Kazakhstan,KAZ,Account ownership at a financial institution or with a mobile-money-service provider (% of population ages 15+),FX.OWN.TOTL.ZS,..,..,53.9074167611571,..,..,58.6975351921172,..,..,..,81.1084645196623,..,..,87.0486447464415,..
Kazakhstan,KAZ,"Account ownership at a financial institution or with a mobile-money-service provider, female (% of population ages 15+)",FX.OWN.TOTL.FE.ZS,..,..,55.585479220051,..,..,60.2865501991765,..,..,..,83.6291847733808,..,..,85.7420594770372,..
Kazakhstan,KAZ,"Account ownership at a financial institution or with a mobile-money-service provider, male (% of population ages 15+)",FX.OWN.TOTL.MA.ZS,..,..,52.002460054142,..,..,56.8952602136394,..,..,..,78.2886995212106,..,..,88.5002867646321,..
Kazakhstan,KAZ,"Account ownership at a financial institution or with a mobile-money-service provider, older adults (% of population ages 25+)",FX.OWN.TOTL.OL.ZS,..,..,61.3847039773783,..,..,66.051223262879,..,..,..,82.704823117903,..,..,91.0544065298496,..
Kazakhstan,KAZ,"Account ownership at a financial institution or with a mobile-money-service provider, poorest 40% (% of population ages 15+)",FX.OWN.TOTL.40.ZS,..,..,44.7278943903279,..,..,48.8058881140531,..,..,..,82.0833315825674,..,..,83.3413414717717,..
Kazakhstan,KAZ,"Account ownership at a financial institution or with a mobile-money-service provider, primary education or less (% of population ages 15+)",FX.OWN.TOTL.PL.ZS,..,..,28.0105349144909,..,..,29.6436204728964,..,..,..,61.8758413234567,..,..,58.0864652855816,..
Kazakhstan,KAZ,"Account ownership at a financial institution or with a mobile-money-service provider, richest 60% (% of population ages 15+)",FX.OWN.TOTL.60.ZS,..,..,60.0188761567982,..,..,65.2622438261703,..,..,..,80.4631689504689,..,..,89.5146092807647,..
Kazakhstan,KAZ,"Account ownership at a financial institution or with a mobile-money-service provider, secondary education or more (% of population ages 15+)",FX.OWN.TOTL.SO.ZS,..,..,58.1873153165926,..,..,64.4705442096313,..,..,..,84.2561446732971,..,..,91.2365697346181,..
Kazakhstan,KAZ,"Account ownership at a financial institution or with a mobile-money-service provider, young adults (% of population ages 15-24)",FX.OWN.TOTL.YG.ZS,..,..,31.6073086964324,..,..,36.8529530795689,..,..,..,73.5476907712209,..,..,68.2685953956478,..
Kazakhstan,KAZ,Adequacy of social insurance programs (% of total welfare of beneficiary households),per_si_allsi.adq_pop_tot,..,..,4.53013242415987,49.8572856845638,..,52.1191382760187,53.5255659644337,56.5667239520471,57.3721681581175,54.7241460611473,..,..,..,..
Kazakhstan,KAZ,Adequacy of social protection and labor programs (% of total welfare of beneficiary households),per_allsp.adq_pop_tot,..,..,35.2299500841774,37.6674243075111,..,43.380123116984,45.2071165055082,48.762318925107,50.1396516673366,47.6502434579702,..,..,..,..
Kazakhstan,KAZ,Adequacy of social safety net programs (% of total welfare of beneficiary households),per_sa_allsa.adq_pop_tot,..,..,35.7357901160638,12.5961694967793,..,16.5906961118435,16.9903551122862,19.1059162441357,20.5137083923865,19.8176728284891,..,..,..,..
Kazakhstan,KAZ,Adequacy of unemployment benefits and ALMP (% of total welfare of beneficiary households),per_lm_alllm.adq_pop_tot,..,..,5.03532794657033,..,..,..,..,..,..,..,..,..,..,..
Kazakhstan,KAZ,"Adjusted net enrollment rate, primary (% of primary school age children)",SE.PRM.TENR,99.36022,99.33655,99.4457,99.84772,99.71618,99.0986,98.93539,98.77294,..,..,..,..,..,..
Kazakhstan,KAZ,"Adjusted net enrollment rate, primary, female (% of primary school age children)",SE.PRM.TENR.FE,..,..,..,..,..,..,..,..,..,..,..,..,..,..
Kazakhstan,KAZ,"Adjusted net enrollment rate, primary, male (% of primary school age children)",SE.PRM.TENR.MA,..,..,..,..,..,..,..,..,..,..,..,..,..,..
Kazakhstan,KAZ,Adjusted net national income (annual % growth),NY.ADJ.NNTY.KD.ZG,7.66475804877409,11.1715162558255,5.17721450589337,3.73979508075905,-2.07317169521463,3.48797443934319,0.497171174215438,6.61857690752721,1.22165795033382,-6.0553738628365,..,..,..,..
Kazakhstan,KAZ,Adjusted net national income (constant 2015 US$),NY.ADJ.NNTY.KD,116850160287.499,129904094938.975,136629508585.905,141739172226.866,138800675827.227,143642007921.716,144356154579.167,153910477690.738,155790737277.844,146357025692.001,..,..,..,..
Kazakhstan,KAZ,Adjusted net national income (current US$),NY.ADJ.NNTY.CD,134824113660.811,163331678092.765,154127802576.487,141739172226.866,102341110276.034,119949621121.625,120756209728.824,124244571028.91,126958226021.355,125621275946.423,..,..,..,..
Kazakhstan,KAZ,Adjusted net national income per capita (annual % growth),NY.ADJ.NNTY.PC.KD.ZG,6.17102288578926,9.58595536309221,3.64360341267252,2.20307911302982,-3.56328210711831,1.88820489494212,-0.993327456913349,5.08210157490463,-0.194470365406147,-7.29958468444298,..,..,..,..
Kazakhstan,KAZ,Adjusted net national income per capita (constant 2015 US$),NY.ADJ.NNTY.PC.KD,6751.9614341608,7399.20144337266,7668.7989996739,7837.74870865595,7558.46761131952,7701.18696673907,7624.68896209022,8012.18339991418,7996.60207757936,7412.88333704853,..,..,..,..
Kazakhstan,KAZ,Adjusted net national income per capita (current US$),NY.ADJ.NNTY.PC.CD,7790.55170821275,9303.20163394536,8650.95066544383,7837.74870865595,5573.04179333214,6430.94922030459,6378.17308245262,6467.85264046512,6516.65453099142,6362.63178237645,..,..,..,..
Kazakhstan,KAZ,"Adjusted net savings, excluding particulate emission damage (% of GNI)",NY.ADJ.SVNX.GN.ZS,9.27407712476356,9.33915767683206,11.2094285473804,10.5755955750053,6.45032673290222,7.34495666143628,5.91968332532752,6.46911582902039,8.11025874492084,-0.013564668779436,..,..,..,..
Kazakhstan,KAZ,"Adjusted net savings, excluding particulate emission damage (current US$)",NY.ADJ.SVNX.CD,16682346155.802,19751090581.3671,22274756843.9869,18271512752.8184,7987311882.31281,10918814302.8155,9310400673.89058,10284248885.0767,12652788852.8304,-23456474.5442276,..,..,..,..
Kazakhstan,KAZ,"Adjusted net savings, including particulate emission damage (% of GNI)",NY.ADJ.SVNG.GN.ZS,8.99523991420472,9.09224054379798,10.9813269019053,10.3643780495299,6.24329578433314,7.15278395289275,5.72775085481605,6.28014683185416,7.92305046817169,-0.204675548625925,..,..,..,..
Kazakhstan,KAZ,"Adjusted net savings, including particulate emission damage (current US$)",NY.ADJ.SVNG.CD,16180769685.7034,19228893309.4712,21821485861.6888,17906591110.0633,7730949557.73825,10633135541.8131,9008531789.25853,9983836239.85825,12360725816.1619,-353931737.975651,..,..,..,..
Kazakhstan,KAZ,Adjusted savings: carbon dioxide damage (% of GNI),NY.ADJ.DCO2.GN.ZS,4.22485657388209,3.97420636787379,3.54525376752219,3.83874467941772,5.86258301980901,5.40098590101289,5.395591916001,5.44088093328939,5.29762261991027,5.03906826364264,..,..,..,..
Kazakhstan,KAZ,Adjusted savings: carbon dioxide damage (current US$),NY.ADJ.DCO2.CD,7599734062.58615,8404923942.51421,7044932334.23925,6632219610.4553,7259520479.2203,8028959846.00032,8486116545.43106,8649616910.70695,8264804186.88014,8713723746.20365,..,..,..,..
Kazakhstan,KAZ,Adjusted savings: consumption of fixed capital (% of GNI),NY.ADJ.DKAP.GN.ZS,13.9155799108756,13.5290957633475,13.6749402543301,13.5719189321794,11.8234422562572,11.8160285386827,11.7946541548002,12.1160125235592,11.7655408306534,12.1082760778054,..,..,..,..
Kazakhstan,KAZ,Adjusted savings: consumption of fixed capital (current US$),NY.ADJ.DKAP.CD,25031549544.9225,28612258744.5711,27174085434.7508,23448276561.9003,14640734451.7185,17565389063.2238,18550478117.8616,19261378460.4098,18355382799.9437,20938032045.7284,..,..,..,..
Kazakhstan,KAZ,Adjusted savings: education expenditure (% of GNI),NY.ADJ.AEDU.GN.ZS,4.14151816906223,3.64844353612842,3.60762676404045,2.8731027320642,3.16776589631579,2.95705852818051,2.84719578608872,3.26478464137584,3.26478464137584,3.26478464137584,..,..,..,..
Kazakhstan,KAZ,Adjusted savings: education expenditure (current US$),NY.ADJ.AEDU.CD,7449823715.86659,7715978384.41459,7168876505.45215,4963874879.3627,3922581790.30944,4395883385.0282,4478032372.45502,5190177250.72478,5093380127.13372,5645573738.5135,..,..,..,..
Kazakhstan,KAZ,Adjusted savings: energy depletion (% of GNI),NY.ADJ.DNGY.GN.ZS,8.8927073233951,7.34702402658142,7.13119543551247,3.56741986896039,3.72608242428358,5.54140615153246,9.02731857906734,7.87586530215463,3.90181185015528,8.74101049295954,..,..,..,..
Kazakhstan,KAZ,Adjusted savings: energy depletion (current US$),NY.ADJ.DNGY.CD,15996332555.2886,15537989835.2582,14170717415.3949,6163450291.57704,4613934092.69463,8237704799.91244,14198048841.9663,12520622770.3244,6087204247.87979,15115244865.3786,..,..,..,..
Kazakhstan,KAZ,Adjusted savings: gross savings (% of GNI),NY.ADJ.ICTR.GN.ZS,34.4057740343986,32.4347397726876,33.5846111099799,29.5022633615499,26.497363324599,29.100198957277,31.6895877232871,30.4914713767483,28.7646690261501,29.1150621370544,..,..,..,..
Kazakhstan,KAZ,Adjusted savings: mineral depletion (% of GNI),NY.ADJ.DMIN.GN.ZS,2.24007127054438,1.89369947418128,1.63141986927506,0.821687038051306,1.80269478766281,1.95388023279302,2.39953553417977,1.85438143010064,2.95421962188607,6.50505661280226,..,..,..,..
Kazakhstan,KAZ,Adjusted savings: mineral depletion (current US$),NY.ADJ.DMIN.CD,4029473105.10329,4004925405.77054,3241867392.6998,1419633068.23715,2232241263.72341,2904585610.94316,3773958170.84787,2947994851.08422,4608868628.76258,11248759356.2384,..,..,..,..
Kazakhstan,KAZ,Adjusted savings: natural resources depletion (% of GNI),NY.ADJ.DRES.GN.ZS,11.1327785939395,9.2407235007627,8.76261530478753,4.3891069070117,5.52877721194639,7.49528638432548,11.4268541132471,9.73024673225527,6.85603147204135,15.2460671057618,..,..,..,..
Kazakhstan,KAZ,Adjusted savings: net forest depletion (% of GNI),NY.ADJ.DFOR.GN.ZS,0,0,0,0,0,0,0,0,0,0,..,..,..,..
Kazakhstan,KAZ,Adjusted savings: net forest depletion (current US$),NY.ADJ.DFOR.CD,0,0,0,0,0,0,0,0,0,0,..,..,..,..
Kazakhstan,KAZ,Adjusted savings: net national savings (% of GNI),NY.ADJ.NNAT.GN.ZS,20.4901941235229,18.9056440093401,19.9096708556497,15.9303444293705,14.6739210683418,17.2841704185941,19.8949335684869,18.3754588531892,16.9991281954966,17.0067860592492,..,..,..,..
Kazakhstan,KAZ,Adjusted savings: net national savings (current US$),NY.ADJ.NNAT.CD,36858062162.9134,39982951380.4954,39563397480.8687,27522940843.7251,18170425927.6417,25694181174.6432,31290491859.6808,29212306166.4675,26520285789.2192,29408697754.763,..,..,..,..
Kazakhstan,KAZ,Adjusted savings: particulate emission damage (% of GNI),NY.ADJ.DPEM.GN.ZS,0.278837210558848,0.24691713303408,0.228101645475119,0.21121752547546,0.207030948569075,0.192172708543527,0.191932470511477,0.188968997166231,0.187208276749152,0.191110879846489,..,..,..,..
Kazakhstan,KAZ,Adjusted savings: particulate emission damage (current US$),NY.ADJ.DPEM.CD,501576470.098585,522197271.895924,453270982.298106,364921642.755014,256362324.574564,285678761.002458,301868884.632045,300412645.218499,292063036.668552,330475263.431423,..,..,..,..
Kazakhstan,KAZ,"Adolescent fertility rate (births per 1,000 women ages 15-19)",SP.ADO.TFRT,33.038,35.166,35.779,31.993,28.612,25.047,23.453,22.036,21.962,21.952,18.412,18.235,17.436,..
Kazakhstan,KAZ,Adolescents out of school (% of lower secondary school age),SE.SEC.UNER.LO.ZS,2.65621860558569,4.14995981959544,4.30985849758497,6.06153838699753,6.65824067061016,8.23469701652959,7.59991419608979,6.47595458907573,5.13296819281922,3.71488256091845,3.97256411411486,4.00829048423572,4.32794948867215,3.68751474413534
Kazakhstan,KAZ,"Adolescents out of school, female (% of female lower secondary school age)",SE.SEC.UNER.LO.FE.ZS,3.5764653172471,4.56143231745804,4.45839047203099,5.61277824844062,6.3882032742631,8.06573365339614,7.52404963651038,6.41868747281427,5.55680256923187,4.14547204681052,4.45641689641703,4.52683572946273,5.04025314624464,4.46888877816378
Kazakhstan,KAZ,"Adolescents out of school, male (% of male lower secondary school age)",SE.SEC.UNER.LO.MA.ZS,1.7602963457411,3.75317520535744,4.16758893043455,6.49094529250024,6.91649899396378,8.39614598405364,7.672337980925,6.530591601024,4.72914218566392,3.30424539233675,3.5107113818487,3.51233169417483,3.64499283174528,2.93635352832248
Kazakhstan,KAZ,Adults (ages 15+) and children (ages 0-14) newly infected with HIV,SH.HIV.INCD.TL,2700,2800,2800,2900,2900,2700,2600,2600,2600,2500,2300,2500,2300,..
Kazakhstan,KAZ,Adults (ages 15-49) newly infected with HIV,SH.HIV.INCD,2500,2500,2600,2600,2600,2500,2400,2400,2400,2300,2100,2300,2100,..
Kazakhstan,KAZ,Age dependency ratio (% of working-age population),SP.POP.DPND,48.2666123385578,49.5309872731953,50.9797084009508,52.5207605589946,54.0318746567256,55.4148033056512,56.5235626212407,57.4655912088719,58.3765163228774,59.3848303180197,60.2870919049799,60.893935746271,61.3593284528818,..
Kazakhstan,KAZ,"Age dependency ratio, old (% of working-age population)",SP.POP.DPND.OL,9.45815421963543,9.66487994340538,9.96010321640276,10.312639318106,10.6894108244726,11.0712786780395,11.428980780716,11.7790269663408,12.1138935090569,12.3947689014763,12.7995921019924,13.3673369412011,13.9627974882177,..
Kazakhstan,KAZ,"Age dependency ratio, young (% of working-age population)",SP.POP.DPND.YG,38.8084581189224,39.8661073297899,41.019605184548,42.2081212408886,43.3424638322529,44.3435246276118,45.0945818405247,45.6865642425312,46.2626228138205,46.9900614165434,47.4874998029874,47.5265988050699,47.3965309646641,..
Kazakhstan,KAZ,Agricultural irrigated land (% of total agricultural land),AG.LND.IRIG.AG.ZS,..,..,0.785011397633019,0.79635734258394,0.809324363757104,0.821132055924301,0.817687414279373,0.83159519624553,0.830916015562981,0.830464232025938,0.830464232025938,0.830464232025938,..,..
Kazakhstan,KAZ,Agricultural land (% of land area),AG.LND.AGRI.ZS,80.3837833833389,80.3771159758492,80.304996851502,80.1050857502685,80.0985665073897,80.088046820017,80.0222617327851,79.2585472459903,79.3233322220988,79.3664851650183,79.3664851650183,79.3664851650183,..,..
Kazakhstan,KAZ,Agricultural land (sq. km),AG.LND.AGRI.K2,2170121,2169941,2167994,2162597,2162421,2162137,2160361,2139743,2141492,2142657,2142657,2142657,..,..
Kazakhstan,KAZ,Agricultural raw materials exports (% of merchandise exports),TX.VAL.AGRI.ZS.UN,0.129992656363968,0.246468008995034,0.152495758244169,0.180083537346669,0.297436473369197,0.31488176189854,0.260073795331556,0.278991201260961,0.251148798257826,0.297550372591393,0.170453065969925,0.228557028680944,0.301838463006161,..
Kazakhstan,KAZ,Agricultural raw materials imports (% of merchandise imports),TM.VAL.AGRI.ZS.UN,0.623898323199071,0.554877662165933,0.499942880289256,0.541728632139791,0.615186159411465,0.630264552953283,0.643763648663538,0.496806727750473,0.798543223672311,0.82187903133265,0.811223995689331,0.459048115129821,0.652593664193636,..
Kazakhstan,KAZ,"Agriculture, forestry, and fishing, value added (% of GDP)",NV.AGR.TOTL.ZS,4.28833015629833,4.50354556962711,4.32955246164473,4.71054741881579,4.55600427070659,4.51698454026741,4.39585810287636,4.46633595812751,5.3912826934481,5.03000193996331,5.24714480730074,3.82500311361663,3.88229151651226,..
Kazakhstan,KAZ,"Agriculture, forestry, and fishing, value added (annual % growth)",NV.AGR.TOTL.KD.ZG,-17.4,11.1999999999999,1.29999999999997,3.50000000000009,5.40000000000001,3.2,3.79999999999995,-0.0999999999999801,5.90000000000002,-2.20000000000002,9.10000000000002,-7.40000000000006,13.7,..
Kazakhstan,KAZ,"Agriculture, forestry, and fishing, value added (constant 2015 US$)",NV.AGR.TOTL.KD,7449899334.98591,8284288060.50433,8391983805.29088,8685703238.47607,9154731213.35378,9447682612.1811,9806694551.44398,9796887856.89254,10374904240.4492,10146656347.1593,11070002074.7508,10250821921.2192,11655184524.4263,..
Kazakhstan,KAZ,"Agriculture, forestry, and fishing, value added (constant LCU)",NV.AGR.TOTL.KN,547379455887.325,608685954946.705,616598872361.012,638179832893.648,672641543869.905,694166073273.742,720544384058.144,719823839674.086,762293446214.857,745522990398.13,813365582524.36,753176529417.557,856361713947.762,..
Kazakhstan,KAZ,"Agriculture, forestry, and fishing, value added (current LCU)",NV.AGR.TOTL.CN,1330033600000,1621232500000,1717786000000,1925866500000,2140007600000,2456284600000,2717499100000,3105560700000,3808889100000,4222766500000,5444727000000,4568671300000,5306833100000,..
Kazakhstan,KAZ,"Agriculture, forestry, and fishing, value added (current US$)",NV.AGR.TOTL.CD,8919665353.3406,10656947198.0347,9586305148.88842,8685703238.47607,6254406125.7891,7534591693.59723,7883530941.00383,8113866801.27454,9223533982.22845,9914750268.54423,11832118913.8679,10015392018.239,11316113974.998,..
Kazakhstan,KAZ,"Agriculture, forestry, and fishing, value added per worker (constant 2015 US$)",NV.AGR.EMPL.KD,3408.44090133619,3971.77131204411,4411.10057642286,5505.94123012552,6356.43435707059,6907.21567188361,7616.29399748731,7825.12711559762,8493.41300514715,8673.58858336941,9511.7405421462,8882.51734787814,10242.4131051272,..
Kazakhstan,KAZ,"Air transport, freight (million ton-km)",IS.AIR.GOOD.MT.K1,53.977,58.199004,44.61,37.669008,38.89446,49.5077,49.64306,49.84901,23.53957,31.44797,177.24428106,53.083051825,..,..
Kazakhstan,KAZ,"Air transport, passengers carried",IS.AIR.PSGR,4064819.02272334,4785588,4918608,5081632,5007869,6903190,5920110,7656866,5282205,8765001,9756366.526,11884241.039,..,..
Kazakhstan,KAZ,"Air transport, registered carrier departures worldwide",IS.AIR.DPRT,44580,66108,71220,72486,73188,83048,66693,89436,55358,72454,81720,89366.362,..,..
Kazakhstan,KAZ,Alternative and nuclear energy (% of total energy use),EG.USE.COMM.CL.ZS,0.89,0.82,1.09,1.48,1.66,1.59,1.34,1.38,1.59,1.55,1.64,1.68,..,..
Kazakhstan,KAZ,"Annual freshwater withdrawals, agriculture (% of total freshwater withdrawal)",ER.H2O.FWAG.ZS,58.38085445,60.76072966,57.80396915,61.06623586,61.04904689,61.83796164,63.57998471,66.80487392,62.10929623,59.56981407,56.74729472,..,..,..
Kazakhstan,KAZ,"Annual freshwater withdrawals, domestic (% of total freshwater withdrawal)",ER.H2O.FWDM.ZS,11.6247546,10.1548977,10.20019066,10.68543734,9.946426347,9.598789416,15.44473707,16.27601963,19.57289776,16.26362053,19.40245067,..,..,..
Kazakhstan,KAZ,"Annual freshwater withdrawals, industry (% of total freshwater withdrawal)",ER.H2O.FWIN.ZS,29.99439095,29.08437264,31.99584019,28.24832679,29.00452677,28.56324895,20.97527823,16.91910645,18.31780601,24.1665654,23.85025461,..,..,..
Kazakhstan,KAZ,"Annual freshwater withdrawals, total (% of internal resources)",ER.H2O.FWTL.ZS,35.1095571095571,35.9052059052059,35.8694638694639,33.6534576534577,33.6146076146076,34.8904428904429,36.5843045843046,36.5439005439005,38.2051282051282,38.0994560994561,38.7972027972028,..,..,..
Kazakhstan,KAZ,"Annual freshwater withdrawals, total (billion cubic meters)",ER.H2O.FWTL.K3,22.593,23.105,23.082,21.656,21.631,22.452,23.542,23.516,24.585,24.517,24.966,..,..,..
Kazakhstan,KAZ,"Annualized average growth rate in per capita real survey mean consumption or income, bottom 40% of population (%)",SI.SPR.PC40.ZG,..,..,..,..,..,..,..,..,..,3.68,..,..,..,..
Kazakhstan,KAZ,"Annualized average growth rate in per capita real survey mean consumption or income, total population (%)",SI.SPR.PCAP.ZG,..,..,..,..,..,..,..,..,..,4.18,..,..,..,..
Kazakhstan,KAZ,Antiretroviral therapy coverage (% of people living with HIV),SH.HIV.ARTC.ZS,13,17,20,24,28,38,47,52,56,60,65,70,74,..
Kazakhstan,KAZ,Antiretroviral therapy coverage for PMTCT (% of pregnant women living with HIV),SH.HIV.PMTC.ZS,..,..,..,..,..,..,..,..,..,..,..,..,..,..
Kazakhstan,KAZ,Aquaculture production (metric tons),ER.FSH.AQUA.MT,738,811,410,730.4,1878,2776,5653.269,6933.1,6827.288,7847.743,13297.232,17107.709,..,..
Kazakhstan,KAZ,Arable land (% of land area),AG.LND.ARBL.ZS,10.8650961217913,10.8881357187836,10.9161017890877,10.964588657999,10.9798125717672,10.9852946623699,11.0190021113457,10.8820609697374,10.9468459458458,10.9899988887654,10.9899988887654,10.9899988887654,..,..
Kazakhstan,KAZ,Arable land (hectares per person),AG.LND.ARBL.HA.PC,1.6949220119188,1.67429138218991,1.65411588330564,1.63685154678658,1.61418240432159,1.5900230383653,1.57124750174658,1.52935869675274,1.51693986849581,1.50275002997173,1.48092233794031,1.45939735477989,..,..
Kazakhstan,KAZ,Arable land (hectares),AG.LND.ARBL.HA,29332500,29394700,29470200,29601100,29642200,29657000,29748000,29378300,29553200,29669700,29669700,29669700,..,..
Kazakhstan,KAZ,ARI treatment (% of children under 5 taken to a health provider),SH.STA.ARIC.ZS,..,..,..,..,..,..,..,..,..,..,..,..,..,..
Kazakhstan,KAZ,Armed forces personnel (% of total labor force),MS.MIL.TOTL.TF.ZS,0.780199963590668,0.775253980901701,0.770360210600091,0.765319331933758,0.75961789388235,0.758407237982316,0.751143510199418,0.742971748865503,0.743956324105516,..,..,..,..,..
Kazakhstan,KAZ,"Armed forces personnel, total",MS.MIL.TOTL.P1,70500,70500,70500,70500,70500,71000,71000,71000,71000,..,..,..,..,..
Kazakhstan,KAZ,Arms exports (SIPRI trend indicator values),MS.MIL.XPRT.KD,..,..,..,..,..,..,..,..,..,..,..,..,..,..
Kazakhstan,KAZ,Arms imports (SIPRI trend indicator values),MS.MIL.MPRT.KD,96000000,143000000,83000000,446000000,252000000,216000000,275000000,228000000,268000000,195000000,191000000,125000000,550000000,..
Kazakhstan,KAZ,Asylum-seekers by country or territory of asylum,SM.POP.ASYS.EA,81,74,92,89,133,207,190,212,223,305,840,476,319,..
Kazakhstan,KAZ,Asylum-seekers by country or territory of origin,SM.POP.ASYS.EO,926,1147,1147,1565,2225,3514,5833,6982,5978,5925,8182,11277,12388,..
Kazakhstan,KAZ,"Automated teller machines (ATMs) (per 100,000 adults)",FB.ATM.TOTL.P5,69.0868297361789,71.0356369903837,72.3991551177457,71.4204111038827,74.1632491275482,74.7320918466501,84.3099019863908,85.9473010496584,95.9107276691447,92.9310211037737,89.7835702225481,..,..,..
Kazakhstan,KAZ,Average precipitation in depth (mm per year),AG.LND.PRCP.MM,250,250,250,250,250,250,250,250,250,250,250,..,..,..
Kazakhstan,KAZ,Average time to clear exports through customs (days),IC.CUS.DURS.EX,..,7.300554276,..,..,..,..,..,8.953093529,..,..,..,..,12.95704556,..
Kazakhstan,KAZ,Average time to clear imports through customs (days),IC.CUS.DURS.IM,..,10.43858624,..,..,..,..,..,18.54005623,..,..,..,..,10.37949562,..
Kazakhstan,KAZ,Average transaction cost of sending remittances from a specific country (%),SI.RMT.COST.OB.ZS,..,..,..,..,..,..,..,..,..,..,..,..,..,..
Kazakhstan,KAZ,Average transaction cost of sending remittances to a specific country (%),SI.RMT.COST.IB.ZS,..,..,..,..,1.35479,1.04195,1.27913,1,0.99667,1.16667,..,..,..,..
Kazakhstan,KAZ,"Average working hours of children, study and work, ages 7-14 (hours per week)",SL.TLF.0714.SW.TM,..,..,..,..,..,..,..,..,..,..,..,..,..,..
Kazakhstan,KAZ,"Average working hours of children, study and work, female, ages 7-14 (hours per week)",SL.TLF.0714.SW.FE.TM,..,..,..,..,..,..,..,..,..,..,..,..,..,..
Kazakhstan,KAZ,"Average working hours of children, study and work, male, ages 7-14 (hours per week)",SL.TLF.0714.SW.MA.TM,..,..,..,..,..,..,..,..,..,..,..,..,..,..
Kazakhstan,KAZ,"Average working hours of children, working only, ages 7-14 (hours per week)",SL.TLF.0714.WK.TM,..,..,..,..,..,..,..,..,..,..,..,..,..,..
Kazakhstan,KAZ,"Average working hours of children, working only, female, ages 7-14 (hours per week)",SL.TLF.0714.WK.FE.TM,..,..,..,..,..,..,..,..,..,..,..,..,..,..
Kazakhstan,KAZ,"Average working hours of children, working only, male, ages 7-14 (hours per week)",SL.TLF.0714.WK.MA.TM,..,..,..,..,..,..,..,..,..,..,..,..,..,..
Kazakhstan,KAZ,Bank capital to assets ratio (%),FB.BNK.CAPA.ZS,10.9054608035073,10.5896185352164,11.8576249475654,10.5834833502986,11.0444177864926,12.4604419360961,11.7804484819713,13.2483931054584,12.2125988734187,11.6447763514668,11.1368208304683,12.7815725400026,..,..
Kazakhstan,KAZ,Bank liquid reserves to bank assets ratio (%),FD.RES.LIQU.AS.ZS,6.50600251817267,6.08191343050125,10.5363143884321,21.5539609268068,26.3473766400132,28.7858506033421,33.0584020112047,30.4911846862843,43.0151115075146,32.1644028399165,30.1146845747219,19.7102852602085,21.331781165669,..
Kazakhstan,KAZ,Bank nonperforming loans to total gross loans (%),FB.AST.NPER.ZS,19.3898666527902,19.4708307953111,12.3921431661953,7.95254057239387,6.71835222170944,9.30976808361683,7.38538294911547,8.14263936186248,6.86844803177438,3.31830718143431,3.35862440856846,2.89162989781023,..,..
Kazakhstan,KAZ,Battle-related deaths (number of people),VC.BTL.DETH,..,..,..,..,..,..,..,..,..,..,..,..,..,..
Kazakhstan,KAZ,Benefit incidence of social insurance programs to poorest quintile (% of total social insurance benefits),per_si_allsi.ben_q1_tot,..,..,9.89545728856352,8.38891242272215,..,8.21008806280869,8.51473598512905,8.37129738141208,8.69547087335049,8.55802128721633,..,..,..,..
Kazakhstan,KAZ,Benefit incidence of social protection and labor programs to poorest quintile (% of total SPL benefits),per_allsp.ben_q1_tot,..,..,15.8275481647032,10.6798699183662,..,10.0891946792106,10.0296565099038,10.6043953051004,11.3469896568496,11.3268894093622,..,..,..,..
Kazakhstan,KAZ,Benefit incidence of social safety net programs to poorest quintile (% of total safety net benefits),per_sa_allsa.ben_q1_tot,..,..,15.4640520381687,21.5111596377795,..,19.3880014144075,18.4804426866931,22.9900898722457,23.5448936765477,24.7728893294867,..,..,..,..
Kazakhstan,KAZ,Benefit incidence of unemployment benefits and ALMP to poorest quintile (% of total U/ALMP benefits),per_lm_alllm.ben_q1_tot,..,..,28.2148412507517,..,..,..,..,..,..,..,..,..,..,..
Kazakhstan,KAZ,"Binding coverage, all products (%)",TM.TAX.MRCH.BC.ZS,..,..,..,100,100,100,100,99.98,99.98,99.98,0,..,..,..
Kazakhstan,KAZ,"Binding coverage, manufactured products (%)",TM.TAX.MANF.BC.ZS,..,..,..,100,100,100,100,100,100,100,0,..,..,..
Kazakhstan,KAZ,"Binding coverage, primary products (%)",TM.TAX.TCOM.BC.ZS,..,..,..,100,100,100,100,99.92,99.92,99.92,0,..,..,..
Kazakhstan,KAZ,"Bird species, threatened",EN.BIR.THRD.NO,..,..,..,..,..,..,27,..,..,..,28,..,..,..
Kazakhstan,KAZ,"Birth rate, crude (per 1,000 people)",SP.DYN.CBRT.IN,22.643,22.646,23.017,22.513,22.34,21.435,21.702,21.424,22.57,23.271,20.819,20.138,19.521,..
Kazakhstan,KAZ,Births attended by skilled health staff (% of total),SH.STA.BRTC.ZS,100,100,100,99.4,99.9,99.9,99.9,..,..,..,..,..,..,..
Kazakhstan,KAZ,"Borrowers from commercial banks (per 1,000 adults)",FB.CBK.BRWR.P3,..,..,..,..,..,..,..,..,..,..,..,..,..,..
Kazakhstan,KAZ,"Bound rate, simple mean, all products (%)",TM.TAX.MRCH.BR.ZS,..,..,..,5.94,5.94,5.96,5.96,5.96,5.96,5.96,..,..,..,..
Kazakhstan,KAZ,"Bound rate, simple mean, manufactured products (%)",TM.TAX.MANF.BR.ZS,..,..,..,6.02,6.02,6.03,6.03,6.03,6.03,6.03,..,..,..,..
Kazakhstan,KAZ,"Bound rate, simple mean, primary products (%)",TM.TAX.TCOM.BR.ZS,..,..,..,5.64,5.64,5.69,5.69,5.69,5.69,5.69,..,..,..,..
Kazakhstan,KAZ,B-READY: Business Entry Pillar 1: Quality of Regulations for Business Entry,IC.BRE.BE.P1,..,..,..,..,..,..,..,..,..,..,..,..,..,..
Kazakhstan,KAZ,B-READY: Business Entry Pillar 2: Digital Public Services and Transparency of Information for Business Entry,IC.BRE.BE.P2,..,..,..,..,..,..,..,..,..,..,..,..,..,..
Kazakhstan,KAZ,B-READY: Business Entry Pillar 3: Operational Efficiency of Business Entry,IC.BRE.BE.P3,..,..,..,..,..,..,..,..,..,..,..,..,..,..
Kazakhstan,KAZ,B-READY: Business Entry: Overall Score,IC.BRE.BE.OS,..,..,..,..,..,..,..,..,..,..,..,..,..,..
Kazakhstan,KAZ,B-READY: Business Insolvency Pillar 1: Quality of Regulations for Judicial Insolvency Proceedings,IC.BRE.BI.P1,..,..,..,..,..,..,..,..,..,..,..,..,..,..
Kazakhstan,KAZ,B-READY: Business Insolvency Pillar 2: Quality of Institutional and Operational Infrastructure for Judicial Insolvency Proceedings,IC.BRE.BI.P2,..,..,..,..,..,..,..,..,..,..,..,..,..,..
Kazakhstan,KAZ,B-READY: Business Insolvency Pillar 3: Operational Efficiency of Resolving Judicial Insolvency Proceedings,IC.BRE.BI.P3,..,..,..,..,..,..,..,..,..,..,..,..,..,..
Kazakhstan,KAZ,B-READY: Business Insolvency: Overall Score,IC.BRE.BI.OS,..,..,..,..,..,..,..,..,..,..,..,..,..,..
Kazakhstan,KAZ,B-READY: Business Location Pillar 1: Quality of Regulations for Business Location,IC.BRE.BL.P1,..,..,..,..,..,..,..,..,..,..,..,..,..,..
Kazakhstan,KAZ,B-READY: Business Location Pillar 2: Quality of Public Services and Transparency of Information for Business Location,IC.BRE.BL.P2,..,..,..,..,..,..,..,..,..,..,..,..,..,..
Kazakhstan,KAZ,B-READY: Business Location Pillar 3: Operational Efficiency of Establishing a Business Location,IC.BRE.BL.P3,..,..,..,..,..,..,..,..,..,..,..,..,..,..
Kazakhstan,KAZ,B-READY: Business Location: Overall Score,IC.BRE.BL.OS,..,..,..,..,..,..,..,..,..,..,..,..,..,..
Kazakhstan,KAZ,B-READY: Dispute Resolution Pillar 1: Quality of Regulations for Dispute Resolution,IC.BRE.DR.P1,..,..,..,..,..,..,..,..,..,..,..,..,..,..
Kazakhstan,KAZ,B-READY: Dispute Resolution Pillar 2: Public Services for Dispute Resolution,IC.BRE.DR.P2,..,..,..,..,..,..,..,..,..,..,..,..,..,..
Kazakhstan,KAZ,B-READY: Dispute Resolution Pillar 3:  Ease of Resolving a Commercial Dispute,IC.BRE.DR.P3,..,..,..,..,..,..,..,..,..,..,..,..,..,..
Kazakhstan,KAZ,B-READY: Dispute Resolution: Overall Score,IC.BRE.DR.OS,..,..,..,..,..,..,..,..,..,..,..,..,..,..
Kazakhstan,KAZ,B-READY: Financial Services Pillar 1: Quality of Regulations for Financial Services,IC.BRE.FS.P1,..,..,..,..,..,..,..,..,..,..,..,..,..,..
Kazakhstan,KAZ,B-READY: Financial Services Pillar 2: Accessibility of Information in Credit Infrastructure,IC.BRE.FS.P2,..,..,..,..,..,..,..,..,..,..,..,..,..,..
Kazakhstan,KAZ,B-READY: Financial Services Pillar 3: Operational Efficiency of Receiving Financial Services,IC.BRE.FS.P3,..,..,..,..,..,..,..,..,..,..,..,..,..,..
Kazakhstan,KAZ,B-READY: Financial Services: Overall Score,IC.BRE.FS.OS,..,..,..,..,..,..,..,..,..,..,..,..,..,..
Kazakhstan,KAZ,B-READY: International Trade Pillar 1: Quality of Regulations for International Trade,IC.BRE.IT.P1,..,..,..,..,..,..,..,..,..,..,..,..,..,..
Kazakhstan,KAZ,B-READY: International Trade Pillar 2: Quality of Public Services for the Facilitation of International Trade,IC.BRE.IT.P2,..,..,..,..,..,..,..,..,..,..,..,..,..,..
Kazakhstan,KAZ,"B-READY: International Trade Pillar 3: Efficiency of Importing Goods, Exporting Goods, and Engaging in Digital Trade",IC.BRE.IT.P3,..,..,..,..,..,..,..,..,..,..,..,..,..,..
Kazakhstan,KAZ,B-READY: International Trade: Overall Score,IC.BRE.IT.OS,..,..,..,..,..,..,..,..,..,..,..,..,..,..
Kazakhstan,KAZ,B-READY: Labor Pillar 1: Quality of Labor Regulations,IC.BRE.LB.P1,..,..,..,..,..,..,..,..,..,..,..,..,..,..
Kazakhstan,KAZ,B-READY: Labor Pillar 2: Adequacy of Public Services for Labor,IC.BRE.LB.P2,..,..,..,..,..,..,..,..,..,..,..,..,..,..
Kazakhstan,KAZ,B-READY: Labor Pillar 3: Operational Efficiency of Labor Regulations and Public Services in Practice,IC.BRE.LB.P3,..,..,..,..,..,..,..,..,..,..,..,..,..,..
Kazakhstan,KAZ,B-READY: Labor: Overall Score,IC.BRE.LB.OS,..,..,..,..,..,..,..,..,..,..,..,..,..,..
Kazakhstan,KAZ,B-READY: Market Competition Pillar 1: Quality of Regulations that Promote Market Competition,IC.BRE.MC.P1,..,..,..,..,..,..,..,..,..,..,..,..,..,..
Kazakhstan,KAZ,B-READY: Market Competition Pillar 2: Public Services that Promote Market Competition,IC.BRE.MC.P2,..,..,..,..,..,..,..,..,..,..,..,..,..,..
Kazakhstan,KAZ,B-READY: Market Competition Pillar 3:  Implementation of Key Services Promoting Market Competition,IC.BRE.MC.P3,..,..,..,..,..,..,..,..,..,..,..,..,..,..
Kazakhstan,KAZ,B-READY: Market Competition: Overall Score,IC.BRE.MC.OS,..,..,..,..,..,..,..,..,..,..,..,..,..,..
Kazakhstan,KAZ,B-READY: Pillar 1: Regulatory Framework,IC.BRE.P1.RF,..,..,..,..,..,..,..,..,..,..,..,..,..,..
Kazakhstan,KAZ,B-READY: Pillar 2: Public Services,IC.BRE.P2.PS,..,..,..,..,..,..,..,..,..,..,..,..,..,..
Kazakhstan,KAZ,B-READY: Pillar 3: Operational Efficiency,IC.BRE.P3.OE,..,..,..,..,..,..,..,..,..,..,..,..,..,..
Kazakhstan,KAZ,B-READY: Taxation Pillar 1: Quality of Regulations on Taxation,IC.BRE.TX.P1,..,..,..,..,..,..,..,..,..,..,..,..,..,..
Kazakhstan,KAZ,B-READY: Taxation Pillar 2: Public Services Provided by the Tax Administration,IC.BRE.TX.P2,..,..,..,..,..,..,..,..,..,..,..,..,..,..
Kazakhstan,KAZ,B-READY: Taxation Pillar 3: Operational Efficiency of Tax Systems in Practice,IC.BRE.TX.P3,..,..,..,..,..,..,..,..,..,..,..,..,..,..
Kazakhstan,KAZ,B-READY: Taxation: Overall Score,IC.BRE.TX.OS,..,..,..,..,..,..,..,..,..,..,..,..,..,..
Kazakhstan,KAZ,B-READY: Utility Services Pillar 1: Quality of Regulations on Utility Services,IC.BRE.US.P1,..,..,..,..,..,..,..,..,..,..,..,..,..,..
Kazakhstan,KAZ,B-READY: Utility Services Pillar 2: Quality of Governance and Transparency of Utility Services,IC.BRE.US.P2,..,..,..,..,..,..,..,..,..,..,..,..,..,..
Kazakhstan,KAZ,B-READY: Utility Services Pillar 3: Operational Efficiency of Utility Service Provision,IC.BRE.US.P3,..,..,..,..,..,..,..,..,..,..,..,..,..,..
Kazakhstan,KAZ,B-READY: Utility Services: Overall Score,IC.BRE.US.OS,..,..,..,..,..,..,..,..,..,..,..,..,..,..
Kazakhstan,KAZ,Bribery incidence (% of firms experiencing at least one bribe payment request),IC.FRM.BRIB.ZS,..,25.60914612,..,..,..,..,..,11.5890379,..,..,..,..,16.42049789,..
Kazakhstan,KAZ,Broad money (% of GDP),FM.LBL.BMNY.GD.ZS,33.9279351024337,32.2178669241273,32.2652212789942,41.8888040751794,42.1505362245327,35.7792185112831,33.6679512588144,30.664842365347,35.2698169004441,35.853152223875,33.051398183262,32.0670107072072,33.4032443248784,..
Kazakhstan,KAZ,Broad money (current LCU),FM.LBL.BMNY.CN,10522812381546.7,11598118000701.2,12801495279469,17125874621538.6,19798591595829.6,19456330356201.9,20813371383577,21322070308710.5,24917784651574,30099290604147.2,34295954597207.2,38301571827032.4,45660003087532.7,..
Kazakhstan,KAZ,Broad money growth (annual %),FM.LBL.BMNY.ZG,7.90153979653577,10.2188044428142,10.3756254134942,33.7802674427028,15.6063093614479,-1.72871508547001,6.97480461387484,2.44409670955516,16.8638143050986,20.7944085922016,13.9427338944718,11.6795618517392,19.2118258063417,..
Kazakhstan,KAZ,Broad money to total reserves ratio,FM.LBL.BMNY.IR.ZS,2.49368179905832,3.08762824997988,2.44237534721666,2.77288327967694,1.95464773976953,1.9410756502452,1.94921560245632,1.92378267323167,1.69314421603567,2.05570304908929,2.12480262567712,2.33463776681365,2.12549951683231,..
Kazakhstan,KAZ,Capture fisheries production (metric tons),ER.FSH.CAPT.MT,36939,34692,37137,40461,41334.543,41319.995,37283.141,45644.602,42597.376,41457.33,42691.9,35815.942,..,..
Kazakhstan,KAZ,Carbon dioxide (CO2) emissions (total) excluding LULUCF (% change from 1990),EN.GHG.CO2.ZG.AR5,4.09400497286321,11.0547264321919,-6.28083404456593,-18.4513577235838,-13.073474013934,-8.92002313483441,-7.74224608996362,-11.9915424322305,-9.30449094113568,-2.70346145709236,-0.84535457190501,2.73692491716586,4.09215482963801,..
Kazakhstan,KAZ,Carbon dioxide (CO2) emissions (total) excluding LULUCF (Mt CO2e),EN.GHG.CO2.MT.CE.AR5,258.8083,276.1147,233.0134,202.7539,216.1249,226.4516,229.3799,218.8149,225.4957,241.9078,246.5276,255.4342,258.8037,..
Kazakhstan,KAZ,Carbon dioxide (CO2) emissions excluding LULUCF per capita (t CO2e/capita),EN.GHG.CO2.PC.CE.AR5,14.9547390961317,15.7272046561439,13.07867493139,11.2116791211142,11.7692010281208,12.1409198865254,12.1155235587562,11.3909406022159,11.5744967551524,12.2524647603581,12.3050866627844,12.5643331681924,12.5678187536661,..
Kazakhstan,KAZ,Carbon dioxide (CO2) emissions from Agriculture (Mt CO2e),EN.GHG.CO2.AG.MT.CE.AR5,0.1898,0.1077,0.2041,0.2296,0.2929,0.2782,0.3114,0.2205,0.2879,0.2248,0.1943,0.1945,0.1955,..
Kazakhstan,KAZ,Carbon dioxide (CO2) emissions from Building (Energy) (Mt CO2e),EN.GHG.CO2.BU.MT.CE.AR5,19.8325,21.1907,30.3245,31.617,32.9887,36.3354,39.0769,38.2439,39.1282,40.179,38.13,37.7253,38.1444,..
Kazakhstan,KAZ,Carbon dioxide (CO2) emissions from Fugitive Emissions (Energy) (Mt CO2e),EN.GHG.CO2.FE.MT.CE.AR5,63.0651,69.6614,27.1395,21.7244,22.8485,23.098,21.4287,17.5271,17.798,20.5688,17.5484,19.455,19.5039,..
Kazakhstan,KAZ,Carbon dioxide (CO2) emissions from Industrial Combustion (Energy) (Mt CO2e),EN.GHG.CO2.IC.MT.CE.AR5,64.1377,66.3079,50.1506,35.7826,38.6046,36.1971,31.6309,27.5243,28.2602,27.8969,26.4912,24.9712,24.9266,..
Kazakhstan,KAZ,Carbon dioxide (CO2) emissions from Industrial Processes (Mt CO2e),EN.GHG.CO2.IP.MT.CE.AR5,9.6028,12.0684,11.7257,13.7161,12.6454,13.1548,12.6406,13.7606,15.0731,15.5657,15.4891,14.8948,14.931,..
Kazakhstan,KAZ,Carbon dioxide (CO2) emissions from Power Industry (Energy) (Mt CO2e),EN.GHG.CO2.PI.MT.CE.AR5,87.5675,93.1537,99.0425,84.3864,92.8247,102.1956,106.6431,104.9246,104.038,114.2618,124.7051,128.2807,130.0851,..
Kazakhstan,KAZ,Carbon dioxide (CO2) emissions from Transport (Energy) (Mt CO2e),EN.GHG.CO2.TR.MT.CE.AR5,14.4041,13.6134,14.4129,15.2595,15.7727,15.0039,17.43,16.323,20.6923,22.9575,23.6707,29.5918,30.6726,..
Kazakhstan,KAZ,Carbon dioxide (CO2) emissions from Waste (Mt CO2e),EN.GHG.CO2.WA.MT.CE.AR5,0.0087,0.0115,0.0134,0.0383,0.1471,0.1887,0.2183,0.291,0.218,0.2533,0.2989,0.321,0.3446,..
Kazakhstan,KAZ,Carbon dioxide (CO2) net fluxes from LULUCF - Deforestation (Mt CO2e),EN.GHG.CO2.LU.DF.MT.CE.AR5,0,0,0,0,0,0,0,0,0,0,0,..,..,..
Kazakhstan,KAZ,Carbon dioxide (CO2) net fluxes from LULUCF - Forest Land (Mt CO2e),EN.GHG.CO2.LU.FL.MT.CE.AR5,-22.5961,-24.7672,-22.2023,-19.6378,-17.0709,-14.5083,-11.9437,-15.5792,-19.2147,-22.8503,-16.0266,-16.0266,..,..
Kazakhstan,KAZ,Carbon dioxide (CO2) net fluxes from LULUCF - Organic Soil (Mt CO2e),EN.GHG.CO2.LU.OS.MT.CE.AR5,0,0,0,0,0,0,0,0,0,0,0,..,..,..
Kazakhstan,KAZ,Carbon dioxide (CO2) net fluxes from LULUCF - Other Land (Mt CO2e),EN.GHG.CO2.LU.OL.MT.CE.AR5,37.0886,27.7295,28.7698,30.0627,31.1438,32.3454,33.5177,34.7043,35.1784,27.4274,19.9731,19.9731,..,..
Kazakhstan,KAZ,Carbon dioxide (CO2) net fluxes from LULUCF - Total excluding non-tropical fires (Mt CO2e),EN.GHG.CO2.LU.MT.CE.AR5,14.4924,2.9623,6.5675,10.4249,14.0728,17.837,21.574,19.1251,15.9636,4.5771,3.9465,3.9465,..,..
Kazakhstan,KAZ,Carbon intensity of GDP (kg CO2e per 2021 PPP $ of GDP),EN.GHG.CO2.RT.GDP.PP.KD,0.517801111956411,0.521156839819743,0.422077392905402,0.362910804899612,0.382634681771821,0.385127198365316,0.374742911281657,0.342088652562275,0.361572528119541,0.371897042435371,0.367247377529875,0.362050776938257,0.349358747014646,..
Kazakhstan,KAZ,Carbon intensity of GDP (kg CO2e per constant 2015 US$ of GDP),EN.GHG.CO2.RT.GDP.KD,1.56891237986286,1.57908007333949,1.27887413081738,1.09960222457175,1.15936461960945,1.16691682459753,1.13545293588542,1.03651210787809,1.09554731051411,1.12683009062436,1.11274183035608,1.09699638135427,1.05854014321004,..
Kazakhstan,KAZ,"Cause of death, by communicable diseases and maternal, prenatal and nutrition conditions (% of total)",SH.DTH.COMM.ZS,..,..,..,5.31524333376031,..,..,..,5.01963367374797,19.1754633375751,26.9232635964623,..,..,..,..
Kazakhstan,KAZ,"Cause of death, by injury (% of total)",SH.DTH.INJR.ZS,..,..,..,9.29946075428215,..,..,..,8.25283629096749,6.15834977445785,5.16247131258953,..,..,..,..
Kazakhstan,KAZ,"Cause of death, by non-communicable diseases (% of total)",SH.DTH.NCOM.ZS,..,..,..,85.3852959119578,..,..,..,86.7275300352847,70.9220120578586,59.8829524389268,..,..,..,..
Kazakhstan,KAZ,"Cause of death, by other COVID-19 pandemic-related outcomes (% of total)",SH.DTH.OCVD.ZS,..,..,..,0,..,..,..,0,3.74417483010849,8.03131265202153,..,..,..,..
Kazakhstan,KAZ,"Central government debt, total (% of GDP)",GC.DOD.TOTL.GD.ZS,10.4981138465889,10.8406391538642,12.6469696266918,19.307916061599,16.7694252748762,16.9303582595661,21.9922369362835,18.4830469477519,23.7157605024381,22.4120405815457,21.3547830101811,20.8858497183933,..,..
Kazakhstan,KAZ,"Central government debt, total (current LCU)",GC.DOD.TOTL.CN,3256009599000,3902524410000,5017790536000,7893874198000,7876791900000,9206535443000,13595498918000,12851748000000,16754955511000,18815263949000,22158901251000,24946537126950,..,..
Kazakhstan,KAZ,Cereal production (metric tons),AG.PRD.CREL.MT,12788283.02,18156926.97,17110814.34,18585080.23,20409775.1,20129017.6,19863375.73,17232084.31,19884853.43,16216231.34,21722294.24,16739554.8,24565948.19,..
Kazakhstan,KAZ,Cereal yield (kg per hectare),AG.YLD.CREL.KG,865.1,1164.9,1172.7,1275.6,1347.8,1355,1359.6,1147.6,1282.5,1038.3,1371.8,1028.4,1529.5,..
Kazakhstan,KAZ,Changes in inventories (constant LCU),NE.GDI.STKB.KN,..,..,..,..,..,..,..,..,..,..,..,..,..,..
Kazakhstan,KAZ,Changes in inventories (current LCU),NE.GDI.STKB.CN,752584700000,967444100000,1680008300000,2054997900000,2399436000000,2531304000000,2523094000000,2892656000000,2888367700000,2933658300000,2957573600000,3819711500000,3956373700000,..
Kazakhstan,KAZ,Changes in inventories (current US$),NE.GDI.STKB.CD,5047093302.03705,6359359740.66038,9375482287.35436,9268088891.46341,7012613981.76292,7764711830.36748,7319557020.66695,7557612860.6688,6994416727.47075,6888017468.58179,6427202416.52451,8373530411.14509,8436439374.15039,..
Kazakhstan,KAZ,"Charges for the use of intellectual property, payments (BoP, current US$)",BM.GSR.ROYL.CD,152394296,147894953.505111,93680130,149088505,126873670,117050999.268368,167710230,141641590,146488695,231453628.149714,302719976.550366,442579620,454727287.966837,..
Kazakhstan,KAZ,"Charges for the use of intellectual property, receipts (BoP, current US$)",BX.GSR.ROYL.CD,..,266600,1776000,885710,1089830,694840,912060,2792020,1398980,2858220,6647490,31603950,12791990,..
Kazakhstan,KAZ,Chemicals (% of value added in manufacturing),NV.MNF.CHEM.ZS.UN,4.51876863780852,6.33235809165234,6.48323847598584,6.51932661655509,5.98617035269359,6.42785266205093,6.5867344731901,7.30808894635492,7.04492897150701,6.48881228260112,6.11010113741336,..,..,..
Kazakhstan,KAZ,Child employment in agriculture (% of economically active children ages 7-14),SL.AGR.0714.ZS,..,..,..,..,..,..,..,..,..,..,..,..,..,..
Kazakhstan,KAZ,"Child employment in agriculture, female (% of female economically active children ages 7-14)",SL.AGR.0714.FE.ZS,..,..,..,..,..,..,..,..,..,..,..,..,..,..
Kazakhstan,KAZ,"Child employment in agriculture, male (% of male economically active children ages 7-14)",SL.AGR.0714.MA.ZS,..,..,..,..,..,..,..,..,..,..,..,..,..,..
Kazakhstan,KAZ,Child employment in manufacturing (% of economically active children ages 7-14),SL.MNF.0714.ZS,..,..,..,..,..,..,..,..,..,..,..,..,..,..
Kazakhstan,KAZ,"Child employment in manufacturing, female (% of female economically active children ages 7-14)",SL.MNF.0714.FE.ZS,..,..,..,..,..,..,..,..,..,..,..,..,..,..
Kazakhstan,KAZ,"Child employment in manufacturing, male (% of male economically active children ages 7-14)",SL.MNF.0714.MA.ZS,..,..,..,..,..,..,..,..,..,..,..,..,..,..
Kazakhstan,KAZ,Child employment in services (% of economically active children ages 7-14),SL.SRV.0714.ZS,..,..,..,..,..,..,..,..,..,..,..,..,..,..
Kazakhstan,KAZ,"Child employment in services, female (% of female economically active children ages 7-14)",SL.SRV.0714.FE.ZS,..,..,..,..,..,..,..,..,..,..,..,..,..,..
Kazakhstan,KAZ,"Child employment in services, male (% of male economically active children ages 7-14)",SL.SRV.0714.MA.ZS,..,..,..,..,..,..,..,..,..,..,..,..,..,..
Kazakhstan,KAZ,Children (0-14) living with HIV,SH.HIV.0014,500,500,500,500,500,500,500,500,500,500,500,500,500,..
Kazakhstan,KAZ,Children (ages 0-14) newly infected with HIV,SH.HIV.INCD.14,100,100,100,100,100,100,100,100,100,100,100,100,100,..
Kazakhstan,KAZ,"Children in employment, female (% of female children ages 7-14)",SL.TLF.0714.FE.ZS,..,..,..,..,..,..,..,..,..,..,..,..,..,..
Kazakhstan,KAZ,"Children in employment, male (% of male children ages 7-14)",SL.TLF.0714.MA.ZS,..,..,..,..,..,..,..,..,..,..,..,..,..,..
Kazakhstan,KAZ,"Children in employment, self-employed (% of children in employment, ages 7-14)",SL.SLF.0714.ZS,..,..,..,..,..,..,..,..,..,..,..,..,..,..
Kazakhstan,KAZ,"Children in employment, self-employed, female (% of female children in employment, ages 7-14)",SL.SLF.0714.FE.ZS,..,..,..,..,..,..,..,..,..,..,..,..,..,..
Kazakhstan,KAZ,"Children in employment, self-employed, male (% of male children in employment, ages 7-14)",SL.SLF.0714.MA.ZS,..,..,..,..,..,..,..,..,..,..,..,..,..,..
Kazakhstan,KAZ,"Children in employment, study and work (% of children in employment, ages 7-14)",SL.TLF.0714.SW.ZS,..,..,..,..,..,..,..,..,..,..,..,..,..,..
Kazakhstan,KAZ,"Children in employment, study and work, female (% of female children in employment, ages 7-14)",SL.TLF.0714.SW.FE.ZS,..,..,..,..,..,..,..,..,..,..,..,..,..,..
Kazakhstan,KAZ,"Children in employment, study and work, male (% of male children in employment, ages 7-14)",SL.TLF.0714.SW.MA.ZS,..,..,..,..,..,..,..,..,..,..,..,..,..,..
Kazakhstan,KAZ,"Children in employment, total (% of children ages 7-14)",SL.TLF.0714.ZS,..,..,..,..,..,..,..,..,..,..,..,..,..,..
Kazakhstan,KAZ,"Children in employment, unpaid family workers (% of children in employment, ages 7-14)",SL.FAM.0714.ZS,..,..,..,..,..,..,..,..,..,..,..,..,..,..
Kazakhstan,KAZ,"Children in employment, unpaid family workers, female (% of female children in employment, ages 7-14)",SL.FAM.0714.FE.ZS,..,..,..,..,..,..,..,..,..,..,..,..,..,..
Kazakhstan,KAZ,"Children in employment, unpaid family workers, male (% of male children in employment, ages 7-14)",SL.FAM.0714.MA.ZS,..,..,..,..,..,..,..,..,..,..,..,..,..,..
Kazakhstan,KAZ,"Children in employment, wage workers (% of children in employment, ages 7-14)",SL.WAG.0714.ZS,..,..,..,..,..,..,..,..,..,..,..,..,..,..
Kazakhstan,KAZ,"Children in employment, wage workers, female (% of female children in employment, ages 7-14)",SL.WAG.0714.FE.ZS,..,..,..,..,..,..,..,..,..,..,..,..,..,..
Kazakhstan,KAZ,"Children in employment, wage workers, male (% of male children in employment, ages 7-14)",SL.WAG.0714.MA.ZS,..,..,..,..,..,..,..,..,..,..,..,..,..,..
Kazakhstan,KAZ,"Children in employment, work only (% of children in employment, ages 7-14)",SL.TLF.0714.WK.ZS,..,..,..,..,..,..,..,..,..,..,..,..,..,..
Kazakhstan,KAZ,"Children in employment, work only, female (% of female children in employment, ages 7-14)",SL.TLF.0714.WK.FE.ZS,..,..,..,..,..,..,..,..,..,..,..,..,..,..
Kazakhstan,KAZ,"Children in employment, work only, male (% of male children in employment, ages 7-14)",SL.TLF.0714.WK.MA.ZS,..,..,..,..,..,..,..,..,..,..,..,..,..,..
Kazakhstan,KAZ,Children out of school (% of primary school age),SE.PRM.UNER.ZS,7.59367096053173,8.22459296359814,8.45308131223036,8.35226595228821,8.50838610360703,5.79874879982089,5.05080159474217,3.9672980716246,10.8403161290154,10.9704209174882,10.3712054469437,5.86329668117656,6.40198053602555,7.91164247068207
Kazakhstan,KAZ,"Children out of school, female (% of female primary school age)",SE.PRM.UNER.FE.ZS,7.65517910882439,8.22317070035152,8.55757466839009,8.55970068993837,8.61843208636127,5.33720358277886,4.40811614314008,3.41947402980424,11.0292355539252,11.4639064213796,10.7949411070704,6.71507467310514,7.22708798805687,8.67497507227158
Kazakhstan,KAZ,"Children out of school, male (% of male primary school age)",SE.PRM.UNER.MA.ZS,7.53489718225197,8.22595066533424,8.35344846051311,8.15468762610742,8.40367875055998,6.23736907221112,5.66089941112717,4.48779546448875,10.6598828994595,10.4955110977395,9.96246972002986,5.04042880004749,5.6042462834605,7.17354400468231
Kazakhstan,KAZ,"Children out of school, primary",SE.PRM.UNER,80042,91695,100221,105069,113415,80808,72946,58533,165748,170299,162925,93210,102766,128155
Kazakhstan,KAZ,"Children out of school, primary, female",SE.PRM.UNER.FE,39428,44775,49522,52529,56013,36241,31004,24580,82381,87273,83263,52454,57027,69079
Kazakhstan,KAZ,"Children out of school, primary, male",SE.PRM.UNER.MA,40614,46920,50699,52540,57402,44567,41942,33953,83367,83026,79662,40756,45739,59076
Kazakhstan,KAZ,Children with fever receiving antimalarial drugs (% of children under age 5 with fever),SH.MLR.TRET.ZS,..,..,..,..,..,..,..,..,..,..,..,..,..,..
Kazakhstan,KAZ,Claims on central government (annual growth as % of broad money),FM.AST.CGOV.ZG.M3,0.089446181529385,-2.78455962797135,-2.4748238467852,-2.97761965621622,4.97885560847624,5.59275891883519,-2.59557334796957,2.10792541189982,2.16898969296912,1.98296809622337,0.739998455852248,6.36371486656889,4.37221648113181,..
Kazakhstan,KAZ,"Claims on central government, etc. (% GDP)",FS.AST.CGOV.GD.ZS,-0.607415627186102,-1.33727253495276,-1.93679126411657,3.69588922803112,5.84119213345071,7.52730625774719,6.94358624768392,7.39694959217435,10.3914608383394,9.10524621008363,9.64290042977816,11.1371742350322,12.0751629804547,..
Kazakhstan,KAZ,Claims on other sectors of the domestic economy (% of GDP),FS.AST.DOMO.GD.ZS,..,..,..,41.9965609871556,37.4557151166592,32.5475518656902,29.3874540878648,27.5654152718167,29.796425886865,29.9395704277113,28.1314496785205,28.912952659837,30.0705227285728,..
Kazakhstan,KAZ,Claims on other sectors of the domestic economy (annual growth as % of broad money),FM.AST.DOMO.ZG.M3,13.981886248383,15.1738757170069,6.9741322797995,28.7071462284812,-0.523859257267282,-6.39655583756085,5.00378576372256,9.89414270502061,13.410938161349,21.1968026018913,14.205854347349,16.869735466897,14.5603787431434,..
Kazakhstan,KAZ,Claims on private sector (annual growth as % of broad money),FM.AST.PRVT.ZG.M3,12.3417790196406,13.5166278871811,6.4691356964905,4.70390766099363,0.0728890881712456,0.668402072696145,-0.172997653251306,3.6935609044312,3.70413878024954,15.2719502452675,13.8533270754959,15.4358059620215,15.8125083515441,..
Kazakhstan,KAZ,Coal rents (% of GDP),NY.GDP.COAL.RT.ZS,1.16307150777107,0.539678974748581,0.517573287575169,0.427727747530492,0.687792012117953,0.837979080702583,0.93298984923782,0.65685203992523,0.570036728063378,0.848889916850088,..,..,..,..
Kazakhstan,KAZ,Combustible renewables and waste (% of total energy),EG.USE.CRNW.ZS,0.0804434505812515,0.0808513965387637,0.0479592140053956,0.06913372028592,0.0652416358303993,0.0821905338322191,0.0807706886412333,0.0933565145487747,0.0786589339217919,0.0563455550908499,0.0631008777685681,0.0602135117704382,..,..
Kazakhstan,KAZ,"Commercial bank branches (per 100,000 adults)",FB.CBK.BRCH.P5,3.31380424647645,3.29624372426097,3.40526115207299,2.97519971906618,2.96311695081303,2.81266379913666,15.2135867431193,14.7435891592918,14.0987564007676,13.137158733548,12.4484039740407,..,..,..
Kazakhstan,KAZ,"Commercial banks and other lending (PPG + PNG) (NFL, current US$)",DT.NFL.PCBO.CD,..,..,..,5003523000,11950766000,4754764000,831835000,2629655000,4716031000,-6713207000,-1608104000,416183000,-5634905000,..
Kazakhstan,KAZ,Commercial service exports (current US$),TX.VAL.SERV.CD.WT,5208349837.16718,5755923081.43201,6739432473.26961,5909424154.15379,5867451823.04475,6261266103.08993,7070485577.85645,7475974036.8578,5013199904.7087,5730216034.52418,7962061634.12441,10403178227.5452,11536645978.1163,..
Kazakhstan,KAZ,Commercial service imports (current US$),TM.VAL.SERV.CD.WT,14230293694.8951,13963439550.1563,13693975168.6189,10756151413.9738,9736176858.65312,10024496874.0356,11949783964.3439,11409992784.0196,8318074385.65116,7890270136.74642,9674696387.08537,12131261739.937,12806215308.1419,..
Kazakhstan,KAZ,"Communications, computer, etc. (% of service exports, BoP)",BX.GSR.CMCP.ZS,11.8858542655696,12.9015305551622,11.6951614170513,12.5497223061966,12.460338230549,10.5231751730462,11.127703196715,12.1404893085982,14.7532753022651,13.8972706879706,14.8857360547526,18.5240533116896,18.2907492378207,..
Kazakhstan,KAZ,"Communications, computer, etc. (% of service imports, BoP)",BM.GSR.CMCP.ZS,16.6275662607039,23.8747459147104,37.1982149075099,45.2018075018051,44.9463813395435,48.8513611947855,50.7667695833759,50.0337359596514,57.9581035699876,48.6887714761336,40.1598973750048,35.350047690114,32.6633296836274,..
Kazakhstan,KAZ,"Community health workers (per 1,000 people)",SH.MED.CMHW.P3,..,..,..,..,..,..,..,..,..,..,..,..,..,..
Kazakhstan,KAZ,Compensation of employees (% of expense),GC.XPN.COMP.ZS,7.25854479148588,7.80639185401903,7.02884675031557,6.8697859070725,6.02230582973686,4.67683724616022,6.28866911173627,5.84607227440685,6.35319454584806,5.81550971104875,5.29087876743339,5.16335851145741,..,..
Kazakhstan,KAZ,Compensation of employees (current LCU),GC.XPN.COMP.CN,355608621742.77,410545246026.72,426927901411.66,434980012969.35,461960870382.31,483874803513.68,571677100271.93,652998609622.69,755538151040.56,835664889544,887461465389.78,1075922082641.82,..,..
Kazakhstan,KAZ,Completeness of birth registration (%),SP.REG.BRTH.ZS,..,..,..,99.7,..,..,..,..,..,..,..,..,..,..
Kazakhstan,KAZ,"Completeness of birth registration, female (%)",SP.REG.BRTH.FE.ZS,..,..,..,99.7,..,..,..,..,..,..,..,..,..,..
Kazakhstan,KAZ,"Completeness of birth registration, male (%)",SP.REG.BRTH.MA.ZS,..,..,..,99.7,..,..,..,..,..,..,..,..,..,..
Kazakhstan,KAZ,"Completeness of birth registration, rural (%)",SP.REG.BRTH.RU.ZS,..,..,..,99.5,..,..,..,..,..,..,..,..,..,..
Kazakhstan,KAZ,"Completeness of birth registration, urban (%)",SP.REG.BRTH.UR.ZS,..,..,..,99.9,..,..,..,..,..,..,..,..,..,..
Kazakhstan,KAZ,Completeness of death registration with cause-of-death information (%),SP.REG.DTHS.ZS,91,..,..,..,..,87,..,..,..,..,..,..,..,..
Kazakhstan,KAZ,"Compulsory education, duration (years)",SE.COM.DURS,9,9,9,9,9,9,9,9,9,9,9,9,9,9
Kazakhstan,KAZ,"Computer, communications and other services (% of commercial service exports)",TX.VAL.OTHR.ZS.WT,10.6155702837598,12.662607145421,10.7091279366793,11.1178199526819,11.1894118472313,9.00088525129981,10.056910793042,11.5799734707936,15.6656576196293,15.0102384946802,15.3067112997553,19.2260624075379,19.4449345496099,..
Kazakhstan,KAZ,"Computer, communications and other services (% of commercial service imports)",TM.VAL.OTHR.ZS.WT,54.5505001399275,52.6052232079792,55.2423840967901,54.4903493559877,54.337396207548,54.4577828271074,57.4740190091992,51.6320298652132,59.411730622634,49.6937871054047,41.354302876505,38.5384064555518,37.1417781335819,..
Kazakhstan,KAZ,"Condom use, population ages 15-24, female (% of females ages 15-24)",SH.CON.1524.FE.ZS,..,..,..,..,..,..,..,..,..,..,..,..,..,..
Kazakhstan,KAZ,"Condom use, population ages 15-24, male (% of males ages 15-24)",SH.CON.1524.MA.ZS,..,..,..,..,..,..,..,..,..,..,..,..,..,..
Kazakhstan,KAZ,Consumer price index (2010 = 100),FP.CPI.TOTL,114.087774540991,120.867826977188,129.146608074122,137.771387734836,157.556866561297,169.283293508518,179.717344348263,189.302678517188,202.02032502464,218.265731563045,251.06640983023,287.540232612332,312.529841144883,..
Kazakhstan,KAZ,Consumption of iodized salt (% of households),SN.ITK.SALT.ZS,..,..,..,94.4,..,..,..,..,..,..,..,..,..,..
Kazakhstan,KAZ,Container port traffic (TEU: 20 foot equivalent units),IS.SHP.GOOD.TU,..,..,..,..,..,..,..,..,..,..,..,..,..,..
Kazakhstan,KAZ,"Contraceptive prevalence, any method (% of married women ages 15-49)",SP.DYN.CONU.ZS,..,..,..,55.69399923,..,..,52.98,..,..,..,..,..,..,..
Kazakhstan,KAZ,"Contraceptive prevalence, any modern method (% of married women ages 15-49)",SP.DYN.CONM.ZS,..,..,..,53.59843033,..,..,50.09,..,..,..,..,..,..,..
Kazakhstan,KAZ,"Contributing family workers, female (% of female employment) (modeled ILO estimate)",SL.FAM.WORK.FE.ZS,0.390466843326218,0.409943733305061,0.245519713679145,0.108909072505601,0.093216112669068,0.0925664729542775,0.0920394415742954,0.0916773555571575,0.0887098586742784,0.0877561969972644,0.08597545823679,0.0852255274550585,0.0846373061300678,0.0841226716397861
Kazakhstan,KAZ,"Contributing family workers, male (% of male employment) (modeled ILO estimate)",SL.FAM.WORK.MA.ZS,0.524262254428912,0.374486369191835,0.248498182896846,0.122828459718954,0.106527342463994,0.107037158067471,0.107306729382213,0.107331899680736,0.109188637257962,0.10936667845014,0.110820541324982,0.111310242786575,0.111661529067649,0.111818520234658
Kazakhstan,KAZ,"Contributing family workers, total (% of total employment) (modeled ILO estimate)",SL.FAM.WORK.ZS,0.458438914656327,0.39203245110469,0.247026685166141,0.115966494406866,0.0999819853300046,0.0999327865803196,0.0998574465735976,0.0997524600110799,0.0993512095001702,0.0989672099975634,0.0989065479150876,0.0987896728166477,0.09867024445246,0.0985279760914397
Kazakhstan,KAZ,Coverage of social insurance programs (% of population),per_si_allsi.cov_pop_tot,..,..,1.08672553333163,28.6769633035275,..,31.5214073353906,32.6819756964216,34.3970370977384,40.2977961782632,38.5329640435454,..,..,..,..
Kazakhstan,KAZ,Coverage of social insurance programs in 2nd quintile (% of population),per_si_allsi.cov_q2_tot,..,..,1.20512004876514,26.6533594906044,..,29.4691169656327,28.8629498371217,29.8852079052203,36.687118015332,37.2306208645957,..,..,..,..
Kazakhstan,KAZ,Coverage of social insurance programs in 3rd quintile (% of population),per_si_allsi.cov_q3_tot,..,..,1.11646671630891,26.8817591664992,..,29.5828902841253,29.1181485032705,30.2880000405577,35.7398618045066,35.3816963763133,..,..,..,..
Kazakhstan,KAZ,Coverage of social insurance programs in 4th quintile (% of population),per_si_allsi.cov_q4_tot,..,..,1.07406709523949,28.8665842002069,..,31.7790985915835,34.3367393621239,36.0480779367981,40.6630067778757,37.5977060470349,..,..,..,..
Kazakhstan,KAZ,Coverage of social insurance programs in poorest quintile (% of population),per_si_allsi.cov_q1_tot,..,..,1.07339422718269,25.9533231972202,..,29.6295679764298,31.149476353906,32.0489299767524,39.363452644629,37.4966744201887,..,..,..,..
Kazakhstan,KAZ,Coverage of social insurance programs in richest quintile (% of population),per_si_allsi.cov_q5_tot,..,..,0.964616704880773,35.0290389665012,..,37.1452686432028,39.9413967853664,43.7140863505781,49.0345149565583,44.9576573266098,..,..,..,..
Kazakhstan,KAZ,Coverage of social protection and labor programs (% of population),per_allsp.cov_pop_tot,..,..,67.3557621943972,50.21454011944,..,49.2124901538206,49.0697085301556,51.2897448716615,60.7556376033701,57.2608739944165,..,..,..,..
Kazakhstan,KAZ,Coverage of social safety net programs (% of population),per_sa_allsa.cov_pop_tot,..,..,66.095391869994,30.6208268158034,..,24.7234703442978,22.9962985004497,24.1022249565452,31.1455370410225,27.6325373147884,..,..,..,..
Kazakhstan,KAZ,Coverage of social safety net programs in 2nd quintile (% of population),per_sa_allsa.cov_q2_tot,..,..,69.0273375074349,34.8362542763539,..,28.1798275341257,26.8470808471472,27.8729233585522,37.9227247046671,33.2136851098527,..,..,..,..
Kazakhstan,KAZ,Coverage of social safety net programs in 3rd quintile (% of population),per_sa_allsa.cov_q3_tot,..,..,66.1252880228211,29.1897915149463,..,23.47555227471,22.7427663668933,24.1241974534478,30.0103791303596,26.8076035807104,..,..,..,..
Kazakhstan,KAZ,Coverage of social safety net programs in 4th quintile (% of population),per_sa_allsa.cov_q4_tot,..,..,61.5653961750916,24.9905362654554,..,20.2160355638182,18.9504649445973,18.5272117244907,25.3746921860029,21.563537352499,..,..,..,..
Kazakhstan,KAZ,Coverage of social safety net programs in poorest quintile (% of population),per_sa_allsa.cov_q1_tot,..,..,74.3381555714071,44.5773929222589,..,36.1872352587183,32.2910719981937,36.7386125772314,44.6575089542226,41.0784761305074,..,..,..,..
Kazakhstan,KAZ,Coverage of social safety net programs in richest quintile (% of population),per_sa_allsa.cov_q5_tot,..,..,59.4226718636199,19.512175699036,..,15.5612502064368,14.1519875724312,13.2491126499448,17.7665707891586,15.5006422164003,..,..,..,..
Kazakhstan,KAZ,Coverage of unemployment benefits and ALMP (% of population),per_lm_alllm.cov_pop_tot,..,..,12.5051892091515,..,..,..,..,..,..,..,..,..,..,..
Kazakhstan,KAZ,Coverage of unemployment benefits and ALMP in 2nd quintile (% of population),per_lm_alllm.cov_q2_tot,..,..,14.3174162999364,..,..,..,..,..,..,..,..,..,..,..
Kazakhstan,KAZ,Coverage of unemployment benefits and ALMP in 3rd quintile (% of population),per_lm_alllm.cov_q3_tot,..,..,10.5561784798808,..,..,..,..,..,..,..,..,..,..,..
Kazakhstan,KAZ,Coverage of unemployment benefits and ALMP in 4th quintile (% of population),per_lm_alllm.cov_q4_tot,..,..,8.16956546338401,..,..,..,..,..,..,..,..,..,..,..
Kazakhstan,KAZ,Coverage of unemployment benefits and ALMP in poorest quintile (% of population),per_lm_alllm.cov_q1_tot,..,..,22.6289090596286,..,..,..,..,..,..,..,..,..,..,..
Kazakhstan,KAZ,Coverage of unemployment benefits and ALMP in richest quintile (% of population),per_lm_alllm.cov_q5_tot,..,..,6.85563426587112,..,..,..,..,..,..,..,..,..,..,..
Kazakhstan,KAZ,CPIA building human resources rating (1=low to 6=high),IQ.CPA.HRES.XQ,..,..,..,..,..,..,..,..,..,..,..,..,..,..
Kazakhstan,KAZ,CPIA business regulatory environment rating (1=low to 6=high),IQ.CPA.BREG.XQ,..,..,..,..,..,..,..,..,..,..,..,..,..,..
Kazakhstan,KAZ,CPIA debt policy rating (1=low to 6=high),IQ.CPA.DEBT.XQ,..,..,..,..,..,..,..,..,..,..,..,..,..,..
Kazakhstan,KAZ,CPIA economic management cluster average (1=low to 6=high),IQ.CPA.ECON.XQ,..,..,..,..,..,..,..,..,..,..,..,..,..,..
Kazakhstan,KAZ,CPIA efficiency of revenue mobilization rating (1=low to 6=high),IQ.CPA.REVN.XQ,..,..,..,..,..,..,..,..,..,..,..,..,..,..
Kazakhstan,KAZ,CPIA equity of public resource use rating (1=low to 6=high),IQ.CPA.PRES.XQ,..,..,..,..,..,..,..,..,..,..,..,..,..,..
Kazakhstan,KAZ,CPIA financial sector rating (1=low to 6=high),IQ.CPA.FINS.XQ,..,..,..,..,..,..,..,..,..,..,..,..,..,..
Kazakhstan,KAZ,CPIA fiscal policy rating (1=low to 6=high),IQ.CPA.FISP.XQ,..,..,..,..,..,..,..,..,..,..,..,..,..,..
Kazakhstan,KAZ,CPIA gender equality rating (1=low to 6=high),IQ.CPA.GNDR.XQ,..,..,..,..,..,..,..,..,..,..,..,..,..,..
Kazakhstan,KAZ,CPIA macroeconomic management rating (1=low to 6=high),IQ.CPA.MACR.XQ,..,..,..,..,..,..,..,..,..,..,..,..,..,..
Kazakhstan,KAZ,CPIA policies for social inclusion/equity cluster average (1=low to 6=high),IQ.CPA.SOCI.XQ,..,..,..,..,..,..,..,..,..,..,..,..,..,..
Kazakhstan,KAZ,CPIA policy and institutions for environmental sustainability rating (1=low to 6=high),IQ.CPA.ENVR.XQ,..,..,..,..,..,..,..,..,..,..,..,..,..,..
Kazakhstan,KAZ,CPIA property rights and rule-based governance rating (1=low to 6=high),IQ.CPA.PROP.XQ,..,..,..,..,..,..,..,..,..,..,..,..,..,..
Kazakhstan,KAZ,CPIA public sector management and institutions cluster average (1=low to 6=high),IQ.CPA.PUBS.XQ,..,..,..,..,..,..,..,..,..,..,..,..,..,..
Kazakhstan,KAZ,CPIA quality of budgetary and financial management rating (1=low to 6=high),IQ.CPA.FINQ.XQ,..,..,..,..,..,..,..,..,..,..,..,..,..,..
Kazakhstan,KAZ,CPIA quality of public administration rating (1=low to 6=high),IQ.CPA.PADM.XQ,..,..,..,..,..,..,..,..,..,..,..,..,..,..
Kazakhstan,KAZ,CPIA social protection rating (1=low to 6=high),IQ.CPA.PROT.XQ,..,..,..,..,..,..,..,..,..,..,..,..,..,..
Kazakhstan,KAZ,CPIA structural policies cluster average (1=low to 6=high),IQ.CPA.STRC.XQ,..,..,..,..,..,..,..,..,..,..,..,..,..,..
Kazakhstan,KAZ,CPIA trade rating (1=low to 6=high),IQ.CPA.TRAD.XQ,..,..,..,..,..,..,..,..,..,..,..,..,..,..
Kazakhstan,KAZ,"CPIA transparency, accountability, and corruption in the public sector rating (1=low to 6=high)",IQ.CPA.TRAN.XQ,..,..,..,..,..,..,..,..,..,..,..,..,..,..
Kazakhstan,KAZ,Crop production index (2014-2016 = 100),AG.PRD.CROP.XD,75.64,93.93,93.3,98.39,108.31,114.31,117.87,108.65,117.04,108.65,129.35,..,..,..
Kazakhstan,KAZ,Current account balance (% of GDP),BN.CAB.XOKA.GD.ZS,1.26375902394522,1.91316832797548,-1.28837366004242,-5.4122312771503,-5.07331546745494,-2.05429721551443,-0.984581633983154,-3.8684220835049,-6.46182057750932,-1.35935671668035,2.85432700775767,-3.55769404813463,-2.72248099369069,..
Kazakhstan,KAZ,"Current account balance (BoP, current US$)",BN.CAB.XOKA.CD,2628600683.71833,4527218285.45306,-2852660444.78532,-9979526910.93887,-6964562246.29256,-3426686675.19473,-1765748482.73,-7027653497.39316,-11055035521.7232,-2679458682.64461,6436402618.02246,-9315469691.03859,-7935495077.67172,..
Kazakhstan,KAZ,"Current education expenditure, primary (% of total expenditure in primary public institutions)",SE.XPD.CPRM.ZS,..,..,..,..,98.6451568603516,95.2565231323242,98.3197479248047,100,..,..,..,..,..,..
Kazakhstan,KAZ,"Current education expenditure, secondary (% of total expenditure in secondary public institutions)",SE.XPD.CSEC.ZS,92.3603286743164,95.2898101806641,93.9288864135742,96.9214477539062,95.6986465454102,..,..,..,..,..,..,..,..,..
Kazakhstan,KAZ,"Current education expenditure, tertiary (% of total expenditure in tertiary public institutions)",SE.XPD.CTER.ZS,88.7084503173828,92.9532928466797,95.729621887207,94.2405319213867,95.2070236206055,95.7211608886719,97.5390014648438,100,..,..,..,..,..,..
Kazakhstan,KAZ,"Current education expenditure, total (% of total expenditure in public institutions)",SE.XPD.CTOT.ZS,91.7979278564453,94.8607482910156,94.6253204345703,96.5392837524414,95.9468612670898,95.8016204833984,95.4510269165039,100,..,..,..,..,..,..
Kazakhstan,KAZ,Current health expenditure (% of GDP),SH.XPD.CHEX.GD.ZS,3.03725982,2.66286755,2.97468448,3.04051113,3.42235589,3.0524447,2.90062451,2.87143755,3.83133817,3.98701859,3.74577999,3.76701546,..,..
Kazakhstan,KAZ,Current health expenditure per capita (current US$),SH.XPD.CHEX.PC.CD,365.04208374,358.91342163,369.68508911,310.01428223,255.84049988,272.98272705,266.92147827,263.61331177,329.57086182,391.81536865,421.60028076,489.71456909,..,..
Kazakhstan,KAZ,"Current health expenditure per capita, PPP (current international $)",SH.XPD.CHEX.PP.CD,648.977936893201,632.541101474376,712.678284811402,683.639620397393,787.931981928079,731.764378703708,707.173944574643,799.701068382388,1089.86734426699,1292.98944963159,1344.55095392536,1459.9923891622,..,..
Kazakhstan,KAZ,Customs and other import duties (% of tax revenue),GC.TAX.IMPT.ZS,7.6232499719175,5.1540725189032,4.95292491974682,4.70289503184696,5.67588429771014,5.29951905118019,4.55562247810131,4.5292271404841,5.85191328004605,5.4734585802547,2.92631296206306,3.76944492607226,..,..
Kazakhstan,KAZ,Customs and other import duties (current LCU),GC.TAX.IMPT.CN,314746616554.7,297426460591.2,278917164339.3,189114952557.42,264583301663.5,296914029041.6,330004252916.4,371205078688.9,343926210205.4,434100000000,366253740400,535436357910.26,..,..
Kazakhstan,KAZ,"Death rate, crude (per 1,000 people)",SP.DYN.CDRT.IN,8.198,7.88,7.615,7.388,7.208,7.063,6.97,6.911,8.585,9.645,6.992,6.709,6.697,..
Kazakhstan,KAZ,"Debt service (PPG and IMF only, % of exports of goods, services and primary income)",DT.TDS.DPPF.XP.ZS,0.349571510361866,0.594690740894376,1.10457312543352,1.72454818080266,2.71436207111467,3.27497575102715,2.16642698717367,3.62180160698305,4.06836797494226,1.94368635155655,3.15804664192965,3.46988172811642,..,..
Kazakhstan,KAZ,"Debt service on external debt, public and publicly guaranteed (PPG) (TDS, current US$)",DT.TDS.DPPG.CD,329826241.8,570165583.9,979797363.6,1261239048.1,1706470370.1,2481674536.6,2173462656.4,3860467380.7,4403515187.7,3016872678.5,7623304580.1,6254425945.1,5552006344.8,..
Kazakhstan,KAZ,"Debt service on external debt, total (TDS, current US$)",DT.TDS.DECT.CD,23206305155.3,30930739512.7,31280970740.3,35255128697.5,20721300487.1,28502189696.5,34334267866.2,34119948447.4,32895561521,32723047156.2,49783100037.7,47647816623.1,46332862901.6,..
Kazakhstan,KAZ,DEC alternative conversion factor (LCU per US$),PA.NUS.ATLS,149.1125,152.129167,179.191667,221.728333,342.16,326.001023,344.705833,382.747311,412.953333,425.9075,460.165,456.165,468.9625,..
Kazakhstan,KAZ,Demand for family planning satisfied by modern methods (% of married women with demand for family planning),SH.FPL.SATM.ZS,..,..,..,..,..,..,..,..,..,..,..,..,..,..
Kazakhstan,KAZ,Deposit interest rate (%),FR.INR.DPST,..,..,..,..,..,..,..,..,..,..,..,..,..,..
Kazakhstan,KAZ,"Depositors with commercial banks (per 1,000 adults)",FB.CBK.DPTR.P3,..,..,..,..,..,..,..,..,..,..,..,..,..,..
Kazakhstan,KAZ,Diabetes prevalence (% of population ages 20 to 79),SH.STA.DIAB.ZS,..,..,..,..,..,..,..,..,..,..,..,..,6.8,..
Kazakhstan,KAZ,Diarrhea treatment (% of children under 5 receiving oral rehydration and continued feeding),SH.STA.ORCF.ZS,..,..,..,..,..,..,..,..,..,..,..,..,..,..
Kazakhstan,KAZ,Diarrhea treatment (% of children under 5 who received ORS packet),SH.STA.ORTH,..,..,..,..,..,..,..,..,..,..,..,..,..,..
Kazakhstan,KAZ,Disaster risk reduction progress score (1-5 scale; 5=best),EN.CLC.DRSK.XQ,..,..,..,..,..,..,..,..,..,..,..,..,..,..
Kazakhstan,KAZ,Discrepancy in expenditure estimate of GDP (constant LCU),NY.GDP.DISC.KN,-768801389689.559,-852173471653.01,-1059979387435.76,-1167041918952.51,-1186903845535.7,-1252150059268.97,-1227593969152.97,-1339230798971.35,-1515454783160.39,-1601314495936.57,-1433757164137.21,-1698451917194.21,-1880650455217.6,..
Kazakhstan,KAZ,Discrepancy in expenditure estimate of GDP (current LCU),NY.GDP.DISC.CN,1183661100000,1272199300000,526137500000,1127525900000,1231144900000,1388548900000,1607335700000,2045684300000,1000230900000,1624311000000,294681100000,2334504600000,5070494900000.02,..
Kazakhstan,KAZ,Domestic credit provided by financial sector (% of GDP),FS.AST.DOMS.GD.ZS,..,..,..,45.6924502151867,43.2969072501099,40.0748581234374,36.3310403355487,34.962364863991,40.1878867252044,39.0448166377949,37.7743501082986,40.0501268948692,42.1456857090275,..
Kazakhstan,KAZ,Domestic credit to private sector (% of GDP),FS.AST.PRVT.GD.ZS,..,..,..,37.7291069327005,33.0302298204433,29.1875977429896,25.9325339763811,24.2664786023711,25.6352310952022,26.0102223624021,25.0218936908866,26.0459503517965,27.2796795779653,..
Kazakhstan,KAZ,Domestic credit to private sector by banks (% of GDP),FD.AST.PRVT.GD.ZS,35.8748002728444,34.8624477905931,33.5131380896606,34.0053003813685,29.6249875210635,25.8310443751174,22.6064264014765,21.1981392835779,22.0196411661582,23.0446356600739,22.6596203739991,24.1153300392581,25.4909855668666,..
Kazakhstan,KAZ,Domestic general government health expenditure (% of current health expenditure),SH.XPD.GHED.CH.ZS,68.14989471,69.36116028,71.71561432,63.14421844,59.61541748,62.00507736,60.83679199,59.93826294,65.80332184,65.33066559,61.46427917,65.83128357,..,..
Kazakhstan,KAZ,Domestic general government health expenditure (% of GDP),SH.XPD.GHED.GD.ZS,2.06988907,1.84699571,2.13331318,1.91990697,2.04025173,1.89267063,1.76464748,1.72108889,2.52114773,2.60474586,2.30231667,2.47987461,..,..
Kazakhstan,KAZ,Domestic general government health expenditure (% of general government expenditure),SH.XPD.GHED.GE.ZS,9.44636345,9.324193,10.03429031,8.39476204,9.48439407,7.85734415,9.09603882,8.2512455,10.06113434,11.61758327,10.60115337,10.70054817,..,..
Kazakhstan,KAZ,Domestic general government health expenditure per capita (current US$),SH.XPD.GHED.PC.CD,248.77575101,248.94652021,265.12192784,195.75609903,152.520382,169.26313974,162.38650563,158.00516307,216.86857244,255.97559837,259.13357412,322.38538673,..,..
Kazakhstan,KAZ,"Domestic general government health expenditure per capita, PPP (current international $)",SH.XPD.GHED.PP.CD,442.277698275407,438.737845050806,511.101604698936,431.678895502608,469.728933234564,453.731070975927,430.222071417073,479.326674425986,717.168903367872,844.718658123745,826.418544584922,961.131745710698,..,..
Kazakhstan,KAZ,Domestic private health expenditure (% of current health expenditure),SH.XPD.PVTD.CH.ZS,31.69792747,30.45618439,28.1651001,36.77289581,40.20116425,37.81248474,39.00831604,40.06179047,34.16453171,34.57688904,38.14982605,33.98540497,..,..
Kazakhstan,KAZ,Domestic private health expenditure per capita (current US$),SH.XPD.PVTD.PC.CD,115.71075058,109.31133697,104.12216837,114.00122797,102.85085827,103.22154289,104.12159473,105.60816049,112.59634535,135.47756443,160.83977918,166.43149202,..,..
Kazakhstan,KAZ,"Domestic private health expenditure per capita, PPP (current international $)",SH.XPD.PVTD.PP.CD,205.712511066032,192.647884300494,200.726540318809,251.394078758558,316.757821508379,276.698289284703,275.856715980859,320.374393956402,372.348084415515,447.075530464188,512.943861755514,496.184371416977,..,..
Kazakhstan,KAZ,"Droughts, floods, extreme temperatures (% of population, average 1990-2009)",EN.CLC.MDAT.ZS,..,..,..,..,..,..,..,..,..,..,..,..,..,..
Kazakhstan,KAZ,"Educational attainment, at least Bachelor's or equivalent, population 25+, female (%) (cumulative)",SE.TER.CUAT.BA.FE.ZS,..,..,..,30.0196990966797,..,..,35.8865585327148,..,..,..,..,..,35.1532592773438,..
Kazakhstan,KAZ,"Educational attainment, at least Bachelor's or equivalent, population 25+, male (%) (cumulative)",SE.TER.CUAT.BA.MA.ZS,..,..,..,25.2414207458496,..,..,32.0276794433594,..,..,..,..,..,30.3987407684326,..
Kazakhstan,KAZ,"Educational attainment, at least Bachelor's or equivalent, population 25+, total (%) (cumulative)",SE.TER.CUAT.BA.ZS,..,..,..,27.8106708526611,..,..,34.0811004638672,..,..,..,..,..,32.9810218811035,..
Kazakhstan,KAZ,"Educational attainment, at least completed lower secondary, population 25+, female (%) (cumulative)",SE.SEC.CUAT.LO.FE.ZS,..,..,..,90.6959533691406,..,..,99.2910079956055,98.4973831176758,..,..,..,..,95.144401550293,..
Kazakhstan,KAZ,"Educational attainment, at least completed lower secondary, population 25+, male (%) (cumulative)",SE.SEC.CUAT.LO.MA.ZS,..,..,..,93.4036178588867,..,..,99.6493530273438,98.7484970092773,..,..,..,..,96.3145904541016,..
Kazakhstan,KAZ,"Educational attainment, at least completed lower secondary, population 25+, total (%) (cumulative)",SE.SEC.CUAT.LO.ZS,..,..,..,91.9477233886719,..,..,99.4586715698242,98.6138229370117,..,..,..,..,95.6790390014648,..
Kazakhstan,KAZ,"Educational attainment, at least completed post-secondary, population 25+, female (%) (cumulative)",SE.SEC.CUAT.PO.FE.ZS,..,..,..,..,..,..,79.0438232421875,..,..,..,..,..,..,..
Kazakhstan,KAZ,"Educational attainment, at least completed post-secondary, population 25+, male (%) (cumulative)",SE.SEC.CUAT.PO.MA.ZS,..,..,..,..,..,..,78.9934692382812,..,..,..,..,..,..,..
Kazakhstan,KAZ,"Educational attainment, at least completed post-secondary, population 25+, total (%) (cumulative)",SE.SEC.CUAT.PO.ZS,..,..,..,..,..,..,79.0202713012695,..,..,..,..,..,..,..
Kazakhstan,KAZ,"Educational attainment, at least completed primary, population 25+ years, female (%) (cumulative)",SE.PRM.CUAT.FE.ZS,..,..,..,98.7278137207031,..,..,99.9330902099609,99.8653793334961,..,..,..,..,99.2917633056641,..
Kazakhstan,KAZ,"Educational attainment, at least completed primary, population 25+ years, male (%) (cumulative)",SE.PRM.CUAT.MA.ZS,..,..,..,99.4115371704102,..,..,99.9491882324219,99.885627746582,..,..,..,..,99.2517395019531,..
Kazakhstan,KAZ,"Educational attainment, at least completed primary, population 25+ years, total (%) (cumulative)",SE.PRM.CUAT.ZS,..,..,..,99.0438995361328,..,..,99.9406204223633,99.8747711181641,..,..,..,..,99.2734832763672,..
Kazakhstan,KAZ,"Educational attainment, at least completed short-cycle tertiary, population 25+, female (%) (cumulative)",SE.TER.CUAT.ST.FE.ZS,..,..,..,..,..,..,74.9254837036133,..,..,..,..,..,..,..
Kazakhstan,KAZ,"Educational attainment, at least completed short-cycle tertiary, population 25+, male (%) (cumulative)",SE.TER.CUAT.ST.MA.ZS,..,..,..,..,..,..,72.7556610107422,..,..,..,..,..,..,..
Kazakhstan,KAZ,"Educational attainment, at least completed short-cycle tertiary, population 25+, total (%) (cumulative)",SE.TER.CUAT.ST.ZS,..,..,..,..,..,..,73.9102783203125,..,..,..,..,..,..,..
Kazakhstan,KAZ,"Educational attainment, at least completed upper secondary, population 25+, female (%) (cumulative)",SE.SEC.CUAT.UP.FE.ZS,..,..,..,..,..,..,96.8983001708984,93.992561340332,..,..,..,..,..,..
Kazakhstan,KAZ,"Educational attainment, at least completed upper secondary, population 25+, male (%) (cumulative)",SE.SEC.CUAT.UP.MA.ZS,..,..,..,..,..,..,97.9701538085938,94.6873397827148,..,..,..,..,..,..
Kazakhstan,KAZ,"Educational attainment, at least completed upper secondary, population 25+, total (%) (cumulative)",SE.SEC.CUAT.UP.ZS,..,..,..,..,..,..,97.399787902832,94.3147125244141,..,..,..,..,..,..
Kazakhstan,KAZ,"Educational attainment, at least Master's or equivalent, population 25+, female (%) (cumulative)",SE.TER.CUAT.MS.FE.ZS,..,..,..,..,..,..,0.102169997990131,..,..,..,..,..,..,..
Kazakhstan,KAZ,"Educational attainment, at least Master's or equivalent, population 25+, male (%) (cumulative)",SE.TER.CUAT.MS.MA.ZS,..,..,..,..,..,..,0.0743800029158592,..,..,..,..,..,..,..
Kazakhstan,KAZ,"Educational attainment, at least Master's or equivalent, population 25+, total (%) (cumulative)",SE.TER.CUAT.MS.ZS,..,..,..,..,..,..,0.0891700014472008,..,..,..,..,..,..,..
Kazakhstan,KAZ,"Educational attainment, Doctoral or equivalent, population 25+, female (%) (cumulative)",SE.TER.CUAT.DO.FE.ZS,..,..,..,..,..,..,..,..,..,..,..,..,..,..
Kazakhstan,KAZ,"Educational attainment, Doctoral or equivalent, population 25+, male (%) (cumulative)",SE.TER.CUAT.DO.MA.ZS,..,..,..,..,..,..,..,..,..,..,..,..,..,..
Kazakhstan,KAZ,"Educational attainment, Doctoral or equivalent, population 25+, total (%) (cumulative)",SE.TER.CUAT.DO.ZS,..,..,..,..,..,..,..,..,..,..,..,..,..,..
Kazakhstan,KAZ,Electric power consumption (kWh per capita),EG.USE.ELEC.KH.PC,5026.78072120903,5186.79632195525,4886.54060035524,4794.91205816535,4797.4797969897,4955.03655894931,5152.77064946851,5034.26549964328,5306.86680508078,5321.52110230336,5271.52788457214,5145.57131631004,..,..
Kazakhstan,KAZ,Electric power transmission and distribution losses (% of output),EG.ELC.LOSS.ZS,7.69471109818245,10.8395983896784,7.43048998006505,5.63113558694848,5.640332442736,6.21148106515756,6.1038623099513,9.06462569121513,6.08350617729281,8.206607692174,8.26845850359307,9.72399524585112,..,..
Kazakhstan,KAZ,Electricity production from coal sources (% of total),EG.ELC.COAL.ZS,74.7934106898521,75.1952272396566,70.9306473612423,69.0864369517424,64.6563103925317,66.8087910384123,69.5448124605033,69.0382402200661,67.2837947515556,64.1330228193052,62.0825701000423,58.362459831844,..,..
Kazakhstan,KAZ,Electricity production from hydroelectric sources (% of total),EG.ELC.HYRO.ZS,8.22801857418361,7.4996362225348,8.6685552407932,10.0879388781263,12.2712344101465,10.8628241404706,9.66042154566745,9.3500004678275,8.71133555775994,8.00152939745216,8.10289558968578,7.75542545230444,..,..
Kazakhstan,KAZ,Electricity production from natural gas sources (% of total),EG.ELC.NGAS.ZS,16.1834577717444,16.7172721540476,19.2088972825517,19.2018023116606,20.6055357840601,21.0851195782782,19.950001858667,20.1165826136587,21.6728289295698,22.601192234832,24.8502888544455,28.4615046000792,..,..
Kazakhstan,KAZ,Electricity production from nuclear sources (% of total),EG.ELC.NUCL.ZS,0,0,0,0,0,0,0,0,0,0,..,..,..,..
Kazakhstan,KAZ,Electricity production from oil sources (% of total),EG.ELC.PETR.ZS,0.791880797698697,0.583014017558326,1.0743888364285,1.34846868809995,2.02760499720148,0.757781309353076,0.0585480093676815,0.0533323353013277,0.0523040851294075,2.32711725959784,1.24524446949415,0.436677378174935,..,..
Kazakhstan,KAZ,"Electricity production from oil, gas and coal sources (% of total)",EG.ELC.FOSL.ZS,91.7687492592952,92.4955134112626,91.2139334802224,89.636707951503,87.2894511737932,88.6516919260436,89.553362328538,89.2081551690261,89.0089277662548,89.061332313735,88.178103423982,87.2606418100982,..,..
Kazakhstan,KAZ,"Electricity production from renewable sources, excluding hydroelectric (% of total)",EG.ELC.RNWX.ZS,-0.0365665772433929,0.00517049037202309,0.0620711362920995,0.237979147167019,0.432830304246354,0.468564673049343,0.58462510687335,1.22624138027826,2.22015510866625,2.99615912685309,..,..,..,..
Kazakhstan,KAZ,"Electricity production from renewable sources, excluding hydroelectric (kWh)",EG.ELC.RNWX.KH,-33940000,5330000,59160000,218660000,409860000,483540000,629080000,1310570000,2461930000,3447920000,..,..,..,..
Kazakhstan,KAZ,"Employers, female (% of female employment) (modeled ILO estimate)",SL.EMP.MPYR.FE.ZS,1.38120254669015,1.12988439854121,0.958782553959474,0.788490567042892,0.7913570702796,0.797613679338848,0.806192695777221,0.809589941062614,0.803870024920406,0.822722901196605,0.89656324068566,0.896018561190778,0.904779621245924,0.912703639218974
Kazakhstan,KAZ,"Employers, male (% of male employment) (modeled ILO estimate)",SL.EMP.MPYR.MA.ZS,2.8807509257404,2.5554294442346,2.22467748011378,1.88656766972071,1.88606481394741,1.88494399138937,1.88742426014891,1.87608905602981,1.75119492652347,1.81953294367627,1.74984634898247,1.73155055268391,1.7300544618324,1.72665692655067
Kazakhstan,KAZ,"Employers, total (% of total employment) (modeled ILO estimate)",SL.EMP.MPYR.ZS,2.1428870223952,1.85046462289046,1.59925695183365,1.3452387395689,1.34777847601787,1.35112002897006,1.35907752667081,1.35897475355921,1.29612675707208,1.34036144908611,1.340670663498,1.33049818816135,1.33364503850391,1.33636960076238
Kazakhstan,KAZ,Employment in agriculture (% of total employment) (modeled ILO estimate),SL.AGR.EMPL.ZS,25.5395338375296,24.1943279939116,21.8961884828685,18.0128552002403,16.3281046197709,15.3632871855099,14.3163639032135,13.7617849437852,13.457537388077,12.8283435948531,12.3601974435315,12.0248423569605,11.6472432672662,11.3195866944431
Kazakhstan,KAZ,"Employment in agriculture, female (% of female employment) (modeled ILO estimate)",SL.AGR.EMPL.FE.ZS,25.0391286104172,23.2791370375965,21.1136188278795,17.13823924465,15.1638152711648,14.0048772418943,12.778578587917,12.1202977655793,11.8077683966312,11.2612620833006,10.5484047145203,10.2666586491862,9.86565851958015,9.54471803699472
Kazakhstan,KAZ,"Employment in agriculture, male (% of male employment) (modeled ILO estimate)",SL.AGR.EMPL.MA.ZS,26.0243184993263,25.089691768735,22.6603318283315,18.86324445048,17.4544470704535,16.6734148692728,15.7858962210201,15.3068518721628,14.9826739894433,14.2790351743004,14.0295009953648,13.6477779229409,13.294084046524,12.9546203935334
Kazakhstan,KAZ,Employment in industry (% of total employment) (modeled ILO estimate),SL.IND.EMPL.ZS,19.3824033745512,19.8247505994394,20.0239741222197,20.5616519677938,20.2574113814848,19.8534671072081,19.9097713763451,19.75564986454,19.6985179176438,19.8939334690326,19.8411887563645,19.8082307083233,19.8449690002484,19.8858556753982
Kazakhstan,KAZ,"Employment in industry, female (% of female employment) (modeled ILO estimate)",SL.IND.EMPL.FE.ZS,11.7057414512505,12.2889295254251,11.8074011398411,11.6039582495148,11.7738890209495,11.841736497615,11.8470802790991,11.8612479684869,11.6695892605111,11.3592606854062,11.1307655270747,11.1198039508957,11.1017211716428,11.0689683388081
Kazakhstan,KAZ,"Employment in industry, male (% of male employment) (modeled ILO estimate)",SL.IND.EMPL.MA.ZS,26.8189933382577,27.1972704879774,28.0471282126875,29.2712560910327,28.4644360162343,27.580304898136,27.6146203298741,27.1863379934867,27.1208885707695,27.7947209196346,27.8664995074189,27.8282019077634,27.9269443268104,28.0080949497865
Kazakhstan,KAZ,Employment in services (% of total employment) (modeled ILO estimate),SL.SRV.EMPL.ZS,55.078051103185,55.9809098070275,58.0798258854916,61.4255042504877,63.4144839987443,64.7832457072819,65.7738758391874,66.4825761836826,66.843922660303,67.2777229361142,67.7986244203723,68.1669269347162,68.5077877324854,68.7945576301588
Kazakhstan,KAZ,"Employment in services, female (% of female employment) (modeled ILO estimate)",SL.SRV.EMPL.FE.ZS,63.2551299383322,64.4319334369784,67.0789800322793,71.2578025058352,73.0622957078857,74.1533862604907,75.3743411329839,76.0184542659338,76.5226423428576,77.3794772312931,78.3208519056121,78.6135373999181,79.032620308777,79.3863355026554
Kazakhstan,KAZ,"Employment in services, male (% of male employment) (modeled ILO estimate)",SL.SRV.EMPL.MA.ZS,47.156711166464,47.7130377432876,49.2925172110697,51.8654994584873,54.0810946085923,55.7462802325912,56.5994834491057,57.5068314727003,57.8964162381101,57.926243906065,58.1040199023979,58.5240402071433,58.7789913235309,59.0372645019401
Kazakhstan,KAZ,"Employment to population ratio, 15+, female (%) (modeled ILO estimate)",SL.EMP.TOTL.SP.FE.ZS,61.769,62.037,61.984,61.858,61.611,61.493,61.332,61.208,60.187,60.124,61.182,61.47,61.72,59.227
Kazakhstan,KAZ,"Employment to population ratio, 15+, female (%) (national estimate)",SL.EMP.TOTL.SP.FE.NE.ZS,..,..,..,62,..,60.4,..,..,60.3,..,94.5,..,..,..
Kazakhstan,KAZ,"Employment to population ratio, 15+, male (%) (modeled ILO estimate)",SL.EMP.TOTL.SP.MA.ZS,72.953,72.584,72.654,72.79,72.821,72.838,72.855,72.891,72.046,71.407,72.938,73.06,73.152,70.345
Kazakhstan,KAZ,"Employment to population ratio, 15+, male (%) (national estimate)",SL.EMP.TOTL.SP.MA.NE.ZS,..,..,..,73.9,..,72.9,..,..,72.1,..,95.7,..,..,..
Kazakhstan,KAZ,"Employment to population ratio, 15+, total (%) (modeled ILO estimate)",SL.EMP.TOTL.SP.ZS,66.985,66.955,66.96,66.957,66.841,66.789,66.729,66.716,65.816,65.498,66.784,66.997,67.176,64.537
Kazakhstan,KAZ,"Employment to population ratio, 15+, total (%) (national estimate)",SL.EMP.TOTL.SP.NE.ZS,..,..,..,67.6,..,66.3,..,..,65.9,..,95.1,..,..,..
Kazakhstan,KAZ,"Employment to population ratio, ages 15-24, female (%) (modeled ILO estimate)",SL.EMP.1524.SP.FE.ZS,40.355,40.355,40.173,40.177,40.134,39.931,39.7,39.453,38.549,38.746,39.376,39.629,39.838,39.89
Kazakhstan,KAZ,"Employment to population ratio, ages 15-24, female (%) (national estimate)",SL.EMP.1524.SP.FE.NE.ZS,..,..,..,..,..,..,..,..,..,..,..,..,..,..
Kazakhstan,KAZ,"Employment to population ratio, ages 15-24, male (%) (modeled ILO estimate)",SL.EMP.1524.SP.MA.ZS,47.1,46.364,46.182,46.287,46.354,46.165,45.993,45.769,45.022,44.995,46.16,46.209,46.233,46.215
Kazakhstan,KAZ,"Employment to population ratio, ages 15-24, male (%) (national estimate)",SL.EMP.1524.SP.MA.NE.ZS,..,..,..,..,..,..,..,..,..,..,..,..,..,..
Kazakhstan,KAZ,"Employment to population ratio, ages 15-24, total (%) (modeled ILO estimate)",SL.EMP.1524.SP.ZS,43.709,43.346,43.171,43.234,43.255,43.068,42.88,42.66,41.848,41.935,42.839,42.989,43.104,43.121
Kazakhstan,KAZ,"Employment to population ratio, ages 15-24, total (%) (national estimate)",SL.EMP.1524.SP.NE.ZS,..,..,..,..,..,..,..,..,..,..,..,..,..,..
Kazakhstan,KAZ,"Energy imports, net (% of energy use)",EG.IMP.CONS.ZS,-119.075537014168,-104.743994492383,-144.96914007643,-163.347093699784,-138.721448149402,-159.17985508135,-138.052784736523,-129.451098148241,-140.248408820944,-129.431378016145,-119.310636509706,-119.1426831733,..,..
Kazakhstan,KAZ,Energy intensity level of primary energy (MJ/$2021 PPP GDP),EG.EGY.PRIM.PP.KD,8.07,8.41,6.44,5.36,6.21,6.08,6.65,6.27,5.83,5.81,..,..,..,..
Kazakhstan,KAZ,Energy use (kg of oil equivalent per capita),EG.USE.PCAP.KG.OE,4270.24340373999,4645.78037421422,3698.18319229425,3050.9438545054,3389.09731833891,3404.26707460291,3814.13873379292,3753.15793323889,3388.38789091494,3540.40029844449,3506.54555005386,3650.54759330848,..,..
Kazakhstan,KAZ,"Energy use (kg of oil equivalent) per $1,000 GDP (constant 2021 PPP)",EG.USE.COMM.GD.PP.KD,147.855256355027,153.9485414769,119.34844534929,98.7559916745146,110.184724587323,107.988179905891,117.974386018232,112.713496195858,105.84891955863,107.461186445423,104.653440706036,105.193293962737,..,..
Kazakhstan,KAZ,Exclusive breastfeeding (% of children under 6 months),SH.STA.BFED.ZS,..,..,..,37.77187,..,..,..,..,..,..,..,..,..,..
Kazakhstan,KAZ,Expenditure on primary education (% of government expenditure on education),SE.XPD.PRIM.ZS,..,..,..,..,..,0.70626,0.65782,..,..,..,..,..,..,..
Kazakhstan,KAZ,Expenditure on secondary education (% of government expenditure on education),SE.XPD.SECO.ZS,..,..,..,65.76005,68.56174,..,..,..,..,..,..,..,..,..
Kazakhstan,KAZ,Expenditure on tertiary education (% of government expenditure on education),SE.XPD.TERT.ZS,..,..,..,15.25645,11.64466,10.56175,9.38161,..,..,..,..,..,..,..
Kazakhstan,KAZ,Expense (% of GDP),GC.XPN.TOTL.GD.ZS,15.7960435478034,14.6089815385558,15.308914994467,15.487142712709,16.3309403041021,19.0261392086365,14.7050433078792,16.0642125509365,16.8328642687514,17.1165193502456,16.1647366957137,17.4457811545455,..,..
Kazakhstan,KAZ,Expense (current LCU),GC.XPN.TOTL.CN,4899172381768.47,5259090930919.07,6073939532007.76,6331784117486.61,7670830466650.26,10346197185094.5,9090589600350.16,11169868913208.8,11892255865741.1,14369589787741.9,16773422797972.9,20837640467040.3,..,..
Kazakhstan,KAZ,Export unit value index (2015 = 100),TX.UVI.MRCH.XD.WD,171.2,168.1,157.2,100,88.6,105.5,123.8,112,88.9,145.7,195.6,166.2,158,..
Kazakhstan,KAZ,Export value index (2015 = 100),TX.VAL.MRCH.XD.WD,188.1,184.3,172.9,100,79.8,105.1,132.7,124.7,101.1,131.9,184.1,170.9,..,..
Kazakhstan,KAZ,Export volume index (2015 = 100),TX.QTY.MRCH.XD.WD,109.9,109.7,110,100,90.1,99.6,107.2,111.3,113.8,90.6,94.1,102.8,..,..
Kazakhstan,KAZ,Exports as a capacity to import (constant LCU),NY.EXP.CAPM.KN,7046660320847.62,7351287786399.06,7515158639539.98,5685275717182.4,5361704070814.53,6420725248479.46,7496200247475.83,7602838017974.14,6216916210549.57,7233205853032.13,9449840274458.99,8803818596376.95,8869915979309.06,..
Kazakhstan,KAZ,Exports of goods and services (% of GDP),NE.EXP.GNFS.ZS,44.1096630384291,38.6170377152797,39.3417580907293,28.5167080072354,31.8438886422836,32.3977529369879,37.6252184252873,36.4389870990994,30.5289067989681,33.6448621241624,41.5690089041544,34.650577449538,31.5871636865516,..
Kazakhstan,KAZ,Exports of goods and services (annual % growth),NE.EXP.GNFS.KD.ZG,4.8000000000001,2.6999999999999,-2.49999999999994,-4.10000000000001,-4.49999999999987,7.99999999999979,9.60000000000005,2.00000000000011,-11.3000000000001,2.30000000000008,9.59999999999989,1.80000000000015,0.30000000000004,..
Kazakhstan,KAZ,"Exports of goods and services (BoP, current US$)",BX.GSR.GNFS.CD,92307195714.8796,93669782203.6921,77108811971.2797,47824824676.9038,43106088497.3021,55974348709.742,66345230456.6365,67295793717.6678,49273351002.6887,71725659997.8543,93821705534.195,90913790141.4153,90800772567.6275,..
Kazakhstan,KAZ,Exports of goods and services (constant 2015 US$),NE.EXP.GNFS.KD,54756960030.2762,56235397951.0936,54829513002.3163,52581502969.2214,50215335335.6065,54232562162.4549,59438888130.0506,60627665892.6516,53776739646.7819,55013604658.658,60294910705.8891,61380219098.5952,61564359755.891,..
Kazakhstan,KAZ,Exports of goods and services (constant LCU),NE.EXP.GNFS.KN,4536887880590.9,4659383853366.85,4542899257032.68,4356640387494.34,4160591570057.1,4493438895661.66,4924809029645.18,5023305210238.09,4455671721481.18,4558152171075.25,4995734779498.47,5085658005529.45,5100914979546.04,..
Kazakhstan,KAZ,Exports of goods and services (current LCU),NE.EXP.GNFS.CN,13680694300000,13901757100000,15609170200000,11658809000000,14957440700000,17617528000000,23259735600000,25336984800000,21568377500000,28245396000000,43134297500000,41387443100000,43177542200000,..
Kazakhstan,KAZ,Exports of goods and services (current US$),NE.EXP.GNFS.CD,91747467851.4544,91381274045.8902,87108795075.8335,52581502969.2214,43714755377.6011,54041327348.8409,67477058329.9065,66197682052.4286,52229576023.3033,66318146545.9049,93736589049.58,90729107011.7173,92070351467.3348,..
Kazakhstan,KAZ,"Exports of goods, services and primary income (BoP, current US$)",BX.GSR.TOTL.CD,94396753030.1339,95990146381.2077,79324376098.333,50083245403.9063,45362352362.7546,58422682851.9237,68966084481.3058,69812174209.7906,51337158631.2725,73951151745.6977,97303074217.2837,94784178022.173,95875147519.6089,..
Kazakhstan,KAZ,External balance on goods and services (% of GDP),NE.RSB.GNFS.ZS,14.495593587691,11.8264661006056,13.711481530108,3.98368720720549,3.37618069815195,7.97011793800494,11.7224803387558,8.01935764644242,4.03137123184299,8.62111567040413,14.8037030667477,6.96687113157376,6.01298417671085,..
Kazakhstan,KAZ,External balance on goods and services (constant LCU),NE.RSB.GNFS.KN,-194054814562.67,-440572372008.7,-353058719327.849,-534421630889.83,-632649207959.39,-347734290134.991,-235881586414.049,-906328307613.96,-940294779764.19,-821626430666.38,-1088794819071.32,-1948058210417.22,-2080509276935.51,..
Kazakhstan,KAZ,External balance on goods and services (current LCU),NE.RSB.GNFS.CN,4495835400000,4257412500000,5440144500000,1628696000000,1585830900000,4334059100000,7246783000000,5576070000000,2848124800000,7237563500000,15361139200000,8321390400000,8219347600000,..
Kazakhstan,KAZ,External balance on goods and services (current US$),NE.RSB.GNFS.CD,30150627210.9984,27985511154.4784,30359360962.918,7345457289.84487,4634764145.42904,13294618096.95,21023093624.2962,14568541279.7061,6896965280.09377,16993275535.1808,33381806960.5468,18242062411.6274,17526662792.8672,..
Kazakhstan,KAZ,External debt stocks (% of GNI),DT.DOD.DECT.GN.ZS,75.5060611702048,71.8109289830663,80.6316289334986,90.3781219318061,134.847682725523,109.692413392467,102.472812128434,107.373342903391,110.819683629583,100.270147736422,84.7932235856559,72.9017800635209,62.6029318152699,..
Kazakhstan,KAZ,"External debt stocks, long-term (DOD, current US$)",DT.DOD.DLXF.CD,126206908906,141844791883.9,149947974225.5,149410195110.4,159784820661.9,154898023778.8,152324124987.8,161199029623.6,162878538853.5,159297677958.7,151251124942,150157656972.7,146044727940.2,..
Kazakhstan,KAZ,"External debt stocks, private nonguaranteed (PNG) (DOD, current US$)",DT.DOD.DPNG.CD,118513024000,127365227000,132295188000,126329416000,134869481000,129485737000,123953857000,124778519000,125241837000,118929036035.6,115844069170.6,117328912084.3,112012898557.1,..
Kazakhstan,KAZ,"External debt stocks, public and publicly guaranteed (PPG) (DOD, current US$)",DT.DOD.DPPG.CD,7693884906,14479564883.9,17652786225.5,23080779110.4,24915339661.9,25412286778.8,28370267987.8,36420510623.6,37636701853.5,40368641923.1,35407055771.4,32828744888.4,34031829383.1,..
Kazakhstan,KAZ,"External debt stocks, short-term (DOD, current US$)",DT.DOD.DSTC.CD,9086335000,9496688000,9780884000,6260332000,6732410000,7678336000,8365810000,9022059000,9515929000,12057874000,16384374000,19375258000,19594364000,..
Kazakhstan,KAZ,"External debt stocks, total (DOD, current US$)",DT.DOD.DECT.CD,135821411914.4,151870706097.5,160226745867.8,156146738966.4,166979215648.4,163065769204.6,161167886073.7,170696302166.4,172889421872.9,173390460628.2,169570449960.3,171483605932.5,167535209792.2,..
Kazakhstan,KAZ,External health expenditure (% of current health expenditure),SH.XPD.EHEX.CH.ZS,0.15219629,0.18265615,0.11928894,0.08288634,0.18342023,0.18244004,0.15486293,..,0.03214625,0.09244051,0.38589305,0.18330725,..,..
Kazakhstan,KAZ,External health expenditure per capita (current US$),SH.XPD.EHEX.PC.CD,0.55558037,0.65557746,0.44099342,0.25695948,0.46926323,0.49802977,0.41336252,..,0.10594467,0.36219611,1.62692619,0.89768234,..,..
Kazakhstan,KAZ,"External health expenditure per capita, PPP (current international $)",SH.XPD.EHEX.PP.CD,0.987720092109471,1.15537522769383,0.850146370752412,0.566643819720109,1.44522661574405,1.33503125662187,1.09515060019232,..,0.350351469083052,1.19524600759786,5.18852865647625,2.676272034529,..,..
Kazakhstan,KAZ,Female genital mutilation prevalence (%),SH.STA.FGMS.ZS,..,..,..,..,..,..,..,..,..,..,..,..,..,..
Kazakhstan,KAZ,Female headed households (% of households with a female head),SP.HOU.FEMA.ZS,..,..,..,..,..,..,..,..,..,..,..,..,..,..
Kazakhstan,KAZ,Female primary school age children out-of-school (%),SE.LPV.PRIM.SD.FE,..,..,..,..,1.22705841064453,..,..,..,..,1.22705841064453,..,..,..,..
Kazakhstan,KAZ,Female pupils below minimum reading proficiency at end of primary (%). Low GAML threshold,SE.LPV.PRIM.LD.FE,..,..,..,..,1.53156673908233,..,..,..,..,6.28512477874755,..,..,..,..
Kazakhstan,KAZ,Female share of employment in senior and middle management (%),SL.EMP.SMGT.FE.ZS,..,..,..,..,..,..,..,..,..,..,..,..,..,..
Kazakhstan,KAZ,"Fertility rate, total (births per woman)",SP.DYN.TFRT.IN,2.64,2.67,2.76,2.755,2.795,2.745,2.845,2.89,3.13,3.32,3.05,3.012,2.984,..
Kazakhstan,KAZ,Fertilizer consumption (% of fertilizer production),AG.CON.FERT.PT.ZS,205.04965840081,52.0801131729951,52.7467362427725,54.1021284794285,45.9380273678197,47.5955447287351,40.4971474009523,24.1064160958451,52.3338182880885,71.6772058605761,84.7436125884903,45.5209590993194,..,..
Kazakhstan,KAZ,Fertilizer consumption (kilograms per hectare of arable land),AG.CON.FERT.ZS,4.42025057530044,2.88858195525044,3.95270476617057,4.29544847995514,3.84026826618807,5.33459217048252,4.05371789700148,2.91739140794396,5.57469241909506,4.44561286430264,3.87263774153429,3.87937862533157,..,..
Kazakhstan,KAZ,F-gases emissions from Industrial Processes (Mt CO2e),EN.GHG.FGAS.IP.MT.CE.AR5,1.9353,1.8817,2.1523,2.1409,2.3032,2.5494,2.696,2.8523,3.0529,3.2521,3.4597,3.6621,3.8671,..
Kazakhstan,KAZ,Final consumption expenditure (% of GDP),NE.CON.TOTL.ZS,56.4583541793039,60.0699458941737,59.1721806046824,65.3505402888127,66.1751702906997,63.1239275496515,60.4192620570995,61.411017891004,65.7459390399698,62.9106300680228,59.9363998550339,62.9214891047086,63.0656960209298,..
Kazakhstan,KAZ,Final consumption expenditure (annual % growth),NE.CON.TOTL.KD.ZG,10.8,8.90000000000006,2.79999999999994,1.90000000000001,1.40000000000002,1.60000000000002,2.70000000000007,7.39999999999974,-0.900000000000048,4.60000000000002,3.99999999999976,7.50000000000082,5.69999999999948,..
Kazakhstan,KAZ,Final consumption expenditure (constant 2015 US$),NE.CON.TOTL.KD,105630080547.961,115031157716.729,118252030132.798,120498818705.321,122185802167.195,124140775001.87,127492575926.921,136927026545.513,135694683306.603,141936638738.707,147614104288.255,158685162109.875,167730216350.137,..
Kazakhstan,KAZ,Final consumption expenditure (constant LCU),NE.CON.TOTL.KN,8386672392435.24,9133086235361.98,9388812649952.11,9567200090301.2,9701140891565.42,9856359145830.47,10122480842767.9,10871544425132.7,10773700525306.5,11269290749470.6,11720062379449.4,12599067057908.2,13317213880208.9,..
Kazakhstan,KAZ,Final consumption expenditure (current LCU),NE.CON.TOTL.CN,17510663900000,21624594900000,23477055500000,26718002200000,31083238500000,34326070800000,37350907700000,42700693700000,46448870300000,52814472900000,62193315900000,75154867300000,86206592600000,..
Kazakhstan,KAZ,Final consumption expenditure (current US$),NE.CON.TOTL.CD,117432568698.131,142146278234.732,131016446763.677,120498818705.321,90844162087.9121,105294365287.927,108355891093.958,111563667393.081,112479707967.389,124004561788.651,135154381363.207,164753690660.178,183824063971,..
Kazakhstan,KAZ,Financial intermediary services indirectly Measured (FISIM) (constant LCU),NV.FSM.TOTL.KN,..,..,..,..,..,..,..,..,..,..,..,..,..,..
Kazakhstan,KAZ,Financial intermediary services indirectly Measured (FISIM) (current LCU),NV.FSM.TOTL.CN,..,..,..,..,..,..,..,..,..,..,..,..,..,..
Kazakhstan,KAZ,Firms adopting energy management measures to reduce emissions (% of firms),IC.FRM.ENGM.ZS,..,..,..,..,..,..,..,..,..,..,..,..,15.39548683,..
Kazakhstan,KAZ,Firms competing against unregistered firms (% of firms),IC.FRM.CMPU.ZS,..,33.85925293,..,..,..,..,..,39.22701263,..,..,..,..,39.71630478,..
Kazakhstan,KAZ,Firms expected to give gifts in meetings with tax officials (% of firms),IC.TAX.GIFT.ZS,..,21.82393646,..,..,..,..,..,11.91326714,..,..,..,..,17.24790764,..
Kazakhstan,KAZ,Firms experiencing electrical outages (% of firms),IC.ELC.OUTG.ZS,..,36.45517349,..,..,..,..,..,17.07787704,..,..,..,..,32.45364761,..
Kazakhstan,KAZ,Firms exporting directly at least 10% of sales (% of firms),IC.FRM.EXS.ZS,..,1.5706774,..,..,..,..,..,3.910685778,..,..,..,..,2.31355238,..
Kazakhstan,KAZ,Firms filling taxes electronically (% of firms),IC.FRM.TAXE.ZS,..,..,..,..,..,..,..,..,..,..,..,..,98.28134918,..
Kazakhstan,KAZ,Firms formally registered when operations started (% of firms),IC.FRM.FREG.ZS,..,97.45465851,..,..,..,..,..,97.30786896,..,..,..,..,96.60009003,..
Kazakhstan,KAZ,Firms monitoring own CO2 emissions (% of firms),IC.FRM.CO2.ZS,..,..,..,..,..,..,..,..,..,..,..,..,11.73075771,..
Kazakhstan,KAZ,Firms offering formal training (% of firms),IC.FRM.TRNG.ZS,..,29.39175034,..,..,..,..,..,21.79009819,..,..,..,..,12.10148811,..
Kazakhstan,KAZ,Firms that are fully credit constrained (% of firms),IC.FRM.CRDC.FL.ZS,..,..,..,..,..,..,..,21.16823196,..,..,..,..,37.21998215,..
Kazakhstan,KAZ,Firms that are partially credit constrained (% of firms),IC.FRM.CRDC.PT.ZS,..,..,..,..,..,..,..,7.960073471,..,..,..,..,31.19001007,..
Kazakhstan,KAZ,"Firms that introduced a new product/service and process, and spent on R&D",IC.FRM.NPRD.ZS,..,1.588820934,..,..,..,..,..,0.9740267992,..,..,..,..,6.494025707,..
Kazakhstan,KAZ,Firms that use a third party to resolve commercial disputes (% of firms),IC.FRM.CDP.ZS,..,..,..,..,..,..,..,..,..,..,..,..,74.07447815,..
Kazakhstan,KAZ,Firms using banks to finance investment (% of firms),IC.FRM.BNKS.ZS,..,13.98337269,..,..,..,..,..,14.04198837,..,..,..,..,27.57072639,..
Kazakhstan,KAZ,Firms using banks to finance working capital (% of firms),IC.FRM.BKWC.ZS,..,13.11356831,..,..,..,..,..,13.2312603,..,..,..,..,13.93383884,..
Kazakhstan,KAZ,Firms visited or required meetings with tax officials (% of firms),IC.FRM.METG.ZS,..,32.99814224,..,..,..,..,..,30.86763382,..,..,..,..,27.71055794,..
Kazakhstan,KAZ,Firms where largest owner is also the top manager (% of firms),IC.FRM.LOTM.ZS,..,..,..,..,..,..,..,..,..,..,..,..,67.33610535,..
Kazakhstan,KAZ,Firms with a bank loan/line of credit (% of firms),IC.FRM.BNKL.ZS,..,18.99456215,..,..,..,..,..,17.17425156,..,..,..,..,23.86022949,..
Kazakhstan,KAZ,Firms with at least 10% foreign ownership,IC.FRM.FO.ZS,..,3.627213478,..,..,..,..,..,1.363147974,..,..,..,..,12.05167198,..
Kazakhstan,KAZ,Firms with female participation in ownership (% of firms),IC.FRM.FEMO.ZS,..,29.61615181,..,..,..,..,..,30.5304966,..,..,..,..,30.10951233,..
Kazakhstan,KAZ,Firms with female top manager (% of firms),IC.FRM.FEMM.ZS,..,19.39101601,..,..,..,..,..,26.03798866,..,..,..,..,31.10057831,..
Kazakhstan,KAZ,"Fish species, threatened",EN.FSH.THRD.NO,..,..,..,..,..,..,14,..,..,..,24,..,..,..
Kazakhstan,KAZ,Fixed broadband subscriptions,IT.NET.BBND,1637300,1958823,2148000,2301000,2349900,2576100,2461300,2512600,2620400,2753600,2899800,2916500,3154000,..
Kazakhstan,KAZ,Fixed broadband subscriptions (per 100 people),IT.NET.BBND.P2,9.46082267148947,11.1572510287072,12.0563854922617,12.7238359694604,12.7965104881396,13.8114386119057,13.0002402717791,13.0799490149564,13.4502836627046,13.946795830528,14.4739535470844,14.3457210056574,15.3162031103353,..
Kazakhstan,KAZ,Fixed telephone subscriptions,IT.MLT.MAIN,4361400,4392000,4353400,4147800,3931100,3686600,3206100,3072500,3091000,2980600,2834600,2686900,2443300,..
Kazakhstan,KAZ,Fixed telephone subscriptions (per 100 people),IT.MLT.MAIN.P2,25.2015098023784,25.016372851494,24.4349481387394,22.936082935301,21.4070225881635,19.7652457539115,16.9341690713652,15.9946443319483,15.8658322398947,15.0965353183003,14.1485166992777,13.2163613132525,11.8649584843,..
Kazakhstan,KAZ,Food exports (% of merchandise exports),TX.VAL.FOOD.ZS.UN,3.34486643905231,3.15827706440865,3.27818221407769,4.60719512773444,5.72372418029718,4.94211693916026,5.03555806408303,5.61102659024794,7.90965890184377,7.01541942329032,7.2388894743748,6.69012026327187,6.10052571949475,..
Kazakhstan,KAZ,Food imports (% of merchandise imports),TM.VAL.FOOD.ZS.UN,9.3506629604563,9.23050361102662,10.2757203339405,10.8539466739404,11.7263379408567,11.4239342143862,10.6216549277196,9.73895066598611,18.0507671125515,17.3972567289582,19.1029713866299,9.70778983096429,10.9676587249797,..
Kazakhstan,KAZ,Food production index (2014-2016 = 100),AG.PRD.FOOD.XD,80.94,92.81,94.49,99.14,106.36,111.69,115.34,111.69,118.33,115.29,127.76,..,..,..
Kazakhstan,KAZ,"Food, beverages and tobacco (% of value added in manufacturing)",NV.MNF.FBTO.ZS.UN,20.0946393672707,23.3727037174922,25.0577140227274,24.8373028966044,23.6862398767358,23.2437240795005,21.6365702750254,21.6314009416014,22.2093853257848,20.4626708449697,22.263246927321,..,..,..
Kazakhstan,KAZ,Forcibly displaced people,SM.POP.FDIP,642,654,720,790,780,809,758,730,663,657,1268,43161,66152,..
Kazakhstan,KAZ,"Foreign direct investment, net (BoP, current US$)",BN.KLT.DINV.CD,-11855850310.4671,-8034378287.30745,-4674570616.17393,-3261447511.67899,-13749208890.7838,-3800894948.44294,-4992569029.17722,-5904427073.6018,-5875441739.2,-1901441601.71865,-7934610132.91,-2628251145.7917,-3899189652.40375,..
Kazakhstan,KAZ,"Foreign direct investment, net inflows (% of GDP)",BX.KLT.DINV.WD.GD.ZS,6.56164821145973,4.23069709209016,3.3006311188168,3.56737402233377,12.5466202801438,2.85205738000704,0.196995426846668,2.05367649290766,4.21199990309163,2.31675874599247,2.25355434978679,2.18549414987511,0.678943746848058,..
Kazakhstan,KAZ,"Foreign direct investment, net inflows (BoP, current US$)",BX.KLT.DINV.CD.WD,13648134373.8439,10011293285.3074,7308112644.25121,6577824049.679,17223789547.9214,4757396810.52606,353291554.55809,3730856270.68398,7205989084.29,4566615415.48999,5081682329.11,5722500090.69169,1978987098.02375,..
Kazakhstan,KAZ,"Foreign direct investment, net outflows (% of GDP)",BM.KLT.DINV.WD.GD.ZS,0.861680959224887,0.835429379101565,1.18941116451201,1.7985819353918,2.53104835126715,0.573422462618372,-2.58686185554559,-1.19645757964415,0.777723255339914,1.35210964376389,-1.26517705072823,1.18173226040417,-0.65877615790415,..
Kazakhstan,KAZ,"Foreign direct investment, net outflows (BoP, current US$)",BM.KLT.DINV.CD.WD,1792284063.37677,1976914998,2633542028.07728,3316376538,3474580657.13765,956501862.083122,-4639277474.61913,-2173570802.91782,1330547345.09,2665173813.77134,-2852927803.79999,3094248944.89999,-1920202554.38,..
Kazakhstan,KAZ,Forest area (% of land area),AG.LND.FRST.ZS,1.17520102233582,1.19196410712301,1.20872722895136,1.22549031373856,1.23632625847316,1.24716079564396,1.25799207319332,1.26882246175501,1.27965329481053,1.29048383153684,1.3013145534689,1.31214516427751,..,..
Kazakhstan,KAZ,Forest area (sq. km),AG.LND.FRST.K2,31726.902,32179.455,32632.009,33084.562,33377.1,33669.6,33962.012,34254.4,34546.8,34839.192,35131.589,35423.983,..,..
Kazakhstan,KAZ,Forest rents (% of GDP),NY.GDP.FRST.RT.ZS,0.00279425110740865,0.0030904156741295,0.0033452306647571,0.00367005102167487,0.00444596453984996,0.00472189539322341,0.00549204299734424,0.00619110671745899,0.00751745837856705,0.00768633060047667,..,..,..,..
Kazakhstan,KAZ,Fossil fuel energy consumption (% of total),EG.USE.COMM.FO.ZS,98.8312057212115,99.1666233534308,..,..,0,0,0,0,0,0,0,0,..,..
Kazakhstan,KAZ,Fuel exports (% of merchandise exports),TX.VAL.FUEL.ZS.UN,69.8792646239037,76.2956655965256,76.3925592249518,67.7181648737463,60.7328771938903,63.3269144379605,70.0337201158019,66.2407564398188,65.3889791619589,65.6108725080086,68.0182146754446,58.9305033328289,56.7199106286709,..
Kazakhstan,KAZ,Fuel imports (% of merchandise imports),TM.VAL.FUEL.ZS.UN,10.7966441114475,11.2102296353814,5.61115368659316,5.49664256647639,6.0215345305612,6.22748252046787,6.89050578152567,5.73718460074049,6.46360784679085,5.4108078261974,5.34386022486953,2.97100082182704,3.76647273010416,..
Kazakhstan,KAZ,GDP (constant 2015 US$),NY.GDP.MKTP.KD,164960327499.374,174857947143.911,182201980933.864,184388404706.042,186416677156.152,194059760924.352,202016211108.857,211106940610.612,205829267103.2,214679925583.069,221549683201.099,232848717043.771,244491152895.888,..
Kazakhstan,KAZ,GDP (constant LCU),NY.GDP.MKTP.KN,11553068673000,12246252793000,12760595411000,12913722556000,13055773504000,13591060218000,14148293686000,14784966902000,14415342730000,15035202467000,15516328945900,16307661722100,17123044808200,..
Kazakhstan,KAZ,GDP (current LCU),NY.GDP.MKTP.CN,31015186600000,35999025100000,39675832900000,40884133600000,46971150000000,54378857800000,61819536400000,69532626500000,70649033200000,83951587900000,103765518200000,119442289700000,136693318300000,..
Kazakhstan,KAZ,GDP (current US$),NY.GDP.MKTP.CD,207998568865.789,236634603409.089,221415613595.469,184388404706.042,137278320084.171,166805788827.233,179339977690.485,181667184854.501,171082365861.423,197112255360.612,225496328925.494,261840101059.923,291480274648.826,..
Kazakhstan,KAZ,GDP deflator (base year varies by country),NY.GDP.DEFL.ZS,268.4584284735,293.959513236385,310.924620851142,316.594486390017,359.773015253436,400.107548107105,436.93987255277,470.292743709789,490.096104707737,558.366859935947,668.750440660249,732.430508649397,798.300301325728,..
Kazakhstan,KAZ,GDP deflator: linked series (base year varies by country),NY.GDP.DEFL.ZS.AD,268.4584284735,293.959513236385,310.924620851142,316.594486390017,359.773015253436,400.107548107105,436.93987255277,470.292743709789,490.096104707737,558.366859935947,668.750440660249,732.430508649397,798.300301325728,..
Kazakhstan,KAZ,GDP growth (annual %),NY.GDP.MKTP.KD.ZG,4.79999999528297,5.99999999671084,4.20000000566705,1.20000000053288,1.09999999910173,4.10000000257358,4.09999999309841,4.50000000091883,-2.49999999628,4.29999999729456,3.19999999970734,5.09999999973641,4.99999999996936,..
Kazakhstan,KAZ,GDP per capita (constant 2015 US$),NY.GDP.PCAP.KD,9531.91477617058,9959.72586930534,10226.7100539683,10196.1226255982,10151.423313302,10404.2718646317,10670.2120148279,10989.6840718388,10565.0359816235,10873.3915275276,11058.3482413407,11453.3952725363,11872.7842626298,..
Kazakhstan,KAZ,GDP per capita (constant LCU),NY.GDP.PCAP.KN,667571.819622508,697533.756610514,716232.110734645,714089.90681297,710959.370929447,728667.729791623,747292.964505325,769667.32972211,739926.91502674,761522.730526946,774476.254859778,802143.546442261,831515.637760822,..
Kazakhstan,KAZ,GDP per capita (current LCU),NY.GDP.PCAP.CN,1792152.81589053,2050466.83559174,2226941.97471583,2260769.27283747,2557839.96601973,2915454.58751697,3265220.92670538,3619689.60238798,3626352.98823018,4252090.55814179,5179313.36718376,5875144.05730536,6637991.84181519,..
Kazakhstan,KAZ,GDP per capita (current US$),NY.GDP.PCAP.CD,12018.7966527993,13478.459627612,12427.7094576939,10196.1226255982,7475.56688689424,8943.08416791984,9472.48527327758,9457.12614657136,8781.50797787648,9983.60103576902,11255.3396437881,12879.4275257974,14154.6324958076,..
Kazakhstan,KAZ,GDP per capita growth (annual %),NY.GDP.PCAP.KD.ZG,3.34601033412712,4.48819679131283,2.6806378826727,-0.299093532608879,-0.438395201172128,2.49076945691363,2.5560669084423,2.99405538115775,-3.86406094514987,2.91864170117744,1.70100297910589,3.57238732741942,3.66170013445029,..
Kazakhstan,KAZ,"GDP per capita, PPP (constant 2021 international $)",NY.GDP.PCAP.PP.KD,28881.2417563728,30177.4887221736,30986.4379168995,30893.7594851041,30758.3227260598,31524.4416339794,32330.2274546567,33298.2123695035,32011.5491499004,32945.8515725823,33506.2614893237,34703.2349286604,35973.9633287017,..
Kazakhstan,KAZ,"GDP per capita, PPP (current international $)",NY.GDP.PCAP.PP.CD,21367.2180595372,23754.1341952117,23958.1128890603,22484.3651382607,23023.0872293899,23973.0602295651,25096.1285862615,28689.2710838374,29039.8229624509,32945.8515725823,35895.0839871667,38515.1836009979,40890.9317694408,..
Kazakhstan,KAZ,GDP per person employed (constant 2021 PPP $),SL.GDP.PCAP.EM.KD,58402.7841472711,61455.9155997443,63538.8940759052,63793.7982430552,64036.0030587928,66043.9551373836,68057.4563237596,70309.8634276871,68707.8849610004,71330.2255758295,71292.6151577871,73513.3692247536,75823.7292373124,..
Kazakhstan,KAZ,GDP per unit of energy use (constant 2021 PPP $ per kg of oil equivalent),EG.GDP.PUSE.KO.PP.KD,6.76337131768128,6.49567699964245,8.37882719857269,10.1259678835068,9.0756681903532,9.26027275273534,8.47641622687027,8.87205200575396,9.44742756156427,9.30568545795723,9.55534756672676,9.50630940746314,..,..
Kazakhstan,KAZ,GDP per unit of energy use (PPP $ per kg of oil equivalent),EG.GDP.PUSE.KO.PP,5.00374710275841,5.11305578004846,6.47834670250537,7.36964238298173,6.79328005861871,7.04206212503506,6.579762913161,7.64403512832705,8.57039509564814,9.30568545795723,10.2365942420498,10.5505222481134,..,..
Kazakhstan,KAZ,"GDP, PPP (constant 2021 international $)",NY.GDP.MKTP.PP.KD,499821831247.413,529811141105.818,552063209062.287,558687967573.976,564833535212.271,587991710170.511,612099370246.921,639643841913.657,623652745889.61,650469813945.991,671284847990.359,705520375236.098,740796393997.686,..
Kazakhstan,KAZ,"GDP, PPP (current international $)",NY.GDP.MKTP.PP.CD,369783340663.465,417039504506.503,426844567293.671,406611059018.014,422786764645.624,447143865260.692,475138151280.585,551108130794.884,565757228613.755,650469813945.991,719143972705.045,783017688187.383,842049415718.366,..
Kazakhstan,KAZ,GDP: linked series (current LCU),NY.GDP.MKTP.CN.AD,31015186600000,35999025100000,39675832900000,40884133600000,46971150000000,54378857800000,61819536400000,69532626500000,70649033200000,83951587899999.9,103765518200000,119442289700000,136693318300000,..
Kazakhstan,KAZ,General government final consumption expenditure (% of GDP),NE.CON.GOVT.ZS,11.5216030974968,10.17335661126,10.6896762840233,11.6327261488061,11.6308534068253,10.5359417828743,8.32120070703086,9.13216157597614,12.742044005777,11.2703470377122,10.499269785365,11.2471234717129,10.7902838144796,..
Kazakhstan,KAZ,General government final consumption expenditure (annual % growth),NE.CON.GOVT.KD.ZG,13.4999999999995,1.70000000000057,9.79999999999983,2.39999999999971,2.29999999999986,2.10000000000056,-14.1000000000001,15.4999999999995,12.8000000000004,-2.40000000000001,4.3000000000001,7.39999999999992,1.00000000000011,..
Kazakhstan,KAZ,General government final consumption expenditure (constant 2015 US$),NE.CON.GOVT.KD,18758230213.8741,19077120127.51,20946677900.006,21449398169.606,21942734327.507,22403531748.3847,19244633771.8625,22227552006.501,25072678663.3333,24470934375.4133,25523184553.5561,27411900210.5192,27686019212.6244,..
Kazakhstan,KAZ,General government final consumption expenditure (constant LCU),NE.CON.GOVT.KN,1411695922785.42,1435694753472.78,1576392839313.11,1614226267456.62,1651353471608.12,1686031894511.9,1448301397385.72,1672788113980.5,1886904992570.01,1841619272748.33,1920808901476.51,2062948760185.77,2083578247787.63,..
Kazakhstan,KAZ,General government final consumption expenditure (current LCU),NE.CON.GOVT.CN,3573446700000,3662309200000,4241218100000,4755939300000,5463145600000,5729324800000,5144127700000,6349831800000,9002130900000,9461635300000,10894621700000,13433821800000,14749597000000,..
Kazakhstan,KAZ,General government final consumption expenditure (current US$),NE.CON.GOVT.CD,23964769553.1897,24073682070.4474,23668612335.6395,21449398169.606,15966640168.3423,17574560801.3015,14923239491.5696,16590140851.4402,21799390344.1869,22215235233.0025,23675467929.9816,29449479464.6674,31451548897.833,..
Kazakhstan,KAZ,Gini index,SI.POV.GINI,28.2,27.1,27,26.8,27.2,27.5,27.8,28,28.7,29.2,..,..,..,..
Kazakhstan,KAZ,GNI (constant 2015 US$),NY.GNP.MKTP.KD,157083206454.308,170045773149.431,180767151996.552,172770506433.204,167320297523.718,177520485839.545,188531394617.11,195889121808.655,191492451401.183,199960605662.604,229034390285.425,231793080262.854,247209131862.877,..
Kazakhstan,KAZ,GNI (constant LCU),NY.GNP.MKTP.KN,11896917429337.9,12878655637546.9,13690654333982.6,13085017142546,12672237910237.3,13444763509225.5,14278690161892.6,14835937972408.1,14502949959352,15144297524766.7,17346241467874.8,17555174730796,18722731066776.6,..
Kazakhstan,KAZ,GNI (current LCU),NY.GNP.MKTP.CN,26822575526000,32173325617000,35607984199000,38308116383000,42368995352000,48462428652000,54214878335000,60847086330000,64424712889000,73649335597000,92024318461200,107301658522000,125659767698100,..
Kazakhstan,KAZ,GNI (current US$),NY.GNP.MKTP.CD,179881468864.113,211486897952.974,198714509414.101,172770506433.204,123828020084.171,148657290109.179,157278679804.064,158974562541.081,156009669230.591,172923312214.507,199981133856.769,235225540148.85,267952699198.976,..
Kazakhstan,KAZ,GNI growth (annual %),NY.GNP.MKTP.KD.ZG,5.38975062476317,8.25203851367415,6.30499579527843,-4.42372714015032,-3.1545945092157,6.0962049833681,6.20261302547217,3.90265356413902,-2.24446889489181,4.4221869841121,14.5397562317239,1.20448722743842,6.65078162926203,..
Kazakhstan,KAZ,GNI per capita (constant 2015 US$),NY.GNP.PCAP.KD,9076.75050957781,9685.62946932318,10146.1753668934,9553.68789316244,9111.51939291411,9517.53927459547,9957.96298214778,10197.4835860932,9829.13979015645,10127.8680321218,11431.9371186842,11401.4704628591,12004.7725882736,..
Kazakhstan,KAZ,GNI per capita (constant LCU),NY.GNP.PCAP.KN,687440.457682271,733554.761509262,768434.852382671,723561.98078806,690073.727931198,720824.214352149,754180.322881783,772320.752480113,744423.717368701,767048.320651845,865813.825858783,863506.390857419,909198.325297828,..
Kazakhstan,KAZ,GNI per capita (current LCU),NY.GNP.PCAP.CN,1549890.86083259,1832558.99250318,1998620.03773514,2118323.29055319,2307227.08793483,2598252.62338789,2863553.58818621,3167542.73224965,3306864.07893968,3730288.51912186,4593267.5033089,5277968.99228848,6102189.36227536,..
Kazakhstan,KAZ,GNI per capita growth (annual %),NY.GNP.PCAP.KD.ZG,3.92757879454277,6.70811607196737,4.75494028580017,-5.83951540660526,-4.62824937545628,4.45611608967343,4.62749556209248,2.4053172759817,-3.61210481808591,3.03921043288548,12.8760473816051,-0.266504753383316,5.29144137486215,..
Kazakhstan,KAZ,"GNI per capita, Atlas method (current US$)",NY.GNP.PCAP.CD,9640,11490,11720,11040,8500,7780,7790,8500,8380,8540,9420,10690,12090,..
Kazakhstan,KAZ,"GNI per capita, PPP (constant 2021 international $)",NY.GNP.PCAP.PP.KD,25903.1762365517,27640.7913648259,28955.094488746,27264.2572850786,26002.3994675591,27161.0965739342,28417.9751125086,29101.517577374,28050.3402588255,28902.8491264316,32624.3936745848,32537.4481146796,34259.148106544,..
Kazakhstan,KAZ,"GNI per capita, PPP (current international $)",NY.GNP.PCAP.PP.CD,18480,21230,21500,21070,20770,21360,22010,25110,26480,28900,31830,34600,37590,..
Kazakhstan,KAZ,"GNI, Atlas method (current US$)",NY.GNP.ATLS.CD,166910698887.808,201747225782.8,208881386501.243,199694752875.065,155999097992.4,145112008014.425,147576694028.709,163361644199.513,163276500343.564,168692843270.05,188688263602.478,217357742267.282,248963165103.521,..
Kazakhstan,KAZ,"GNI, PPP (constant 2021 international $)",NY.GNP.MKTP.PP.KD,448283113686.446,485275608878.149,515872215613.428,493051436402.842,477497662862.469,506606899181.357,538029764697.92,559027202486.032,546480010812.249,570646378721.163,653616971132.38,661489704066.04,705483939783.523,..
Kazakhstan,KAZ,"GNI, PPP (current international $)",NY.GNP.MKTP.PP.CD,319796289189.58,372719753836.891,383081425056.159,380991411579.698,381362825184.343,398494535267.267,416689586562.376,482267472114.565,515912891760.811,570646378721.163,637771921845.051,703428382071.349,774081244682.833,..
Kazakhstan,KAZ,GNI: linked series (current LCU),NY.GNP.MKTP.CN.AD,26822575526000,32173325617000,35607984199000,38308116383000,42368995352000,48462428652000,54214878335000,60847086330000,64424712889000,73649335596999.9,92024318461200,107301658522000,125659767698100,..
Kazakhstan,KAZ,Goods and services expense (% of expense),GC.XPN.GSRV.ZS,25.5440965001534,19.0389455552536,19.4236385357547,23.3594796265458,25.5452000531045,42.2176810499069,18.4974916642807,19.9965614038177,18.3486654183515,14.8295086900204,15.7988494151392,16.066950119491,..,..
Kazakhstan,KAZ,Goods and services expense (current LCU),GC.XPN.GSRV.CN,1251449320907.8,1001275459038.96,1179780059577.5,1479071820921.15,1959528988440.3,4367924528397.64,1681531053558.74,2233589695955.74,2182070239499.11,2130939566293.47,2650007809616.37,3347973299918.23,..,..
Kazakhstan,KAZ,"Goods exports (BoP, current US$)",BX.GSR.MRCH.CD,86876287418.7124,87699198139.26,70106327628.01,41647392522.75,37021558674.2573,49469468606.6522,59025316878.78,59541448680.81,44065071707.98,65790637963.33,85630418900.0706,80251516913.87,78979394589.5112,..
Kazakhstan,KAZ,"Goods imports (BoP, current US$)",BM.GSR.MRCH.CD,46657682104.853,49165929610.2953,42453772846.5366,33931512525.3202,26551122728.3114,31001155174.2782,34986898680.6089,41120666790.3001,38056086661.7417,41562518605.0857,50633264495.1558,60388086748.718,61765353899.0581,..
Kazakhstan,KAZ,"Government expenditure on education, total (% of GDP)",SE.XPD.TOTL.GD.ZS,3.90163701288194,3.44564886564109,3.42903954512824,2.78858995437622,2.9780900478363,2.75081992149353,2.61595010757446,2.8569700717926,4.44620380169618,4.38569397571466,4.36185360851405,4.86469984054565,..,..
Kazakhstan,KAZ,"Government expenditure on education, total (% of government expenditure)",SE.XPD.TOTL.GB.ZS,17.7663260512098,17.3232965099228,16.0836515386161,12.193039894104,13.8440999984741,11.4199104309082,13.8801803588867,14.1095304489136,17.9951649308539,19.8279914537514,20.0552104288335,20.7961292266846,21.9553538656612,..
Kazakhstan,KAZ,"Government expenditure per student, primary (% of GDP per capita)",SE.XPD.PRIM.PC.ZS,..,..,..,..,..,0.26455,0.23507,..,..,..,..,..,..,..
Kazakhstan,KAZ,"Government expenditure per student, secondary (% of GDP per capita)",SE.XPD.SECO.PC.ZS,..,18.6624,19.54299,19.15682,21.20877,..,..,..,..,..,..,..,..,..
Kazakhstan,KAZ,"Government expenditure per student, tertiary (% of GDP per capita)",SE.XPD.TERT.PC.ZS,..,9.56983,9.23194,11.33543,9.89648,8.5651,7.46282,..,..,..,..,..,..,..
Kazakhstan,KAZ,Grants and other revenue (% of revenue),GC.REV.GOTR.ZS,39.2862802062956,20.6719773996357,25.4668733638285,25.9768537341439,26.1850274698251,34.8101617959773,25.8437600750547,23.9998266625216,21.41454034916,27.8085234202909,31.797659387375,29.6281285015886,..,..
Kazakhstan,KAZ,Grants and other revenue (current LCU),GC.REV.GOTR.CN,2790508631898.85,1556743708761.2,2001192193381.51,1495600769638.99,1747350514423,3141315556455.9,2640591398726.19,2588113574570.12,1601525845477.22,3055100000000,5835219150187.97,5980473552062.59,..,..
Kazakhstan,KAZ,"Grants, excluding technical cooperation (BoP, current US$)",BX.GRT.EXTA.CD.WD,111989970,93176938,98785648,75588545,91261052,71612842,95251974,67796678,84074953,73961411,74815406,81706775,..,..
Kazakhstan,KAZ,Gross capital formation (% of GDP),NE.GDI.TOTL.ZS,25.2296602336096,24.5696053585629,25.7902472414133,27.9079156027413,27.8275828886455,26.3524825267661,25.258212709599,27.6275749485747,28.8069153648376,26.5334355873452,24.9759095791804,28.157135537565,27.2119249591734,..
Kazakhstan,KAZ,Gross capital formation (annual % growth),NE.GDI.TOTL.KD.ZG,12.7000000000001,6.70000000000005,8.59999999999985,5.50000000000014,2.50000000000006,3.09999999999999,2.89999999999996,12.2,-1.00000000000007,1.49999999999997,2.10000000000001,16.4,5.60000000000001,..
Kazakhstan,KAZ,Gross capital formation (constant 2015 US$),NE.GDI.TOTL.KD,42093428806.2042,44913688536.2199,48776265750.3347,51458960366.6032,52745434375.7683,54380542841.4171,55957578583.8182,62784403171.044,62156559139.3335,63088907526.4235,64413774584.4784,74977633616.3329,79176381098.8475,..
Kazakhstan,KAZ,Gross capital formation (constant LCU),NE.GDI.TOTL.KN,4129252484816.99,4405912401299.73,4784820867811.5,5047986015541.14,5174185665929.67,5334585421573.49,5489288398799.12,6158981583452.61,6097391767618.08,6188852644132.35,6318818549659.13,7355104791803.23,7766990660144.21,..
Kazakhstan,KAZ,Gross capital formation (current LCU),NE.GDI.TOTL.CN,7825026200000,8844818400000,10232495400000,11409909500000,13070935700000,14330179000000,15614510000000,19210178500000,20351807200000,22275240500000,25916382000000,33631527400000,37196883200000,..
Kazakhstan,KAZ,Gross capital formation (current US$),NE.GDI.TOTL.CD,52477332215.609,58140188199.4135,57103634177.3638,51458960366.6032,38201238309.5628,43957466354.331,45298073038.4101,50190237652.6428,49283552337.8619,52300653310.8715,56319759216.8027,73726672147.1397,79317393608.2309,..
Kazakhstan,KAZ,Gross domestic income (constant LCU),NY.GDY.TOTL.KN,14062841113256.7,14938156726032.2,15732854793507.3,14242357885688.1,14256886004757.4,15518346570817.8,16719684903830.7,17364499709736.1,16176587219068.4,17710256148956.9,19970434440860.5,20025822312947.5,20892045807963,..
Kazakhstan,KAZ,Gross domestic savings (% of GDP),NY.GDS.TOTL.ZS,43.5416458206961,39.9300541058263,40.8278193953176,34.6494597111873,33.8248297093003,36.8760724503485,39.5807379429005,38.588982108996,34.2540609600302,37.0893699319772,40.0636001449661,37.0785108952914,36.9343039790702,..
Kazakhstan,KAZ,Gross domestic savings (current LCU),NY.GDS.TOTL.CN,13504522700000,14374430200000,16198777400000,14166131400000,15887911500000,20052787000000,24468628700000,26831932800000,24200162900000,31137115000000,41572202300000,44287422400000,50486725700000,..
Kazakhstan,KAZ,Gross domestic savings (current US$),NY.GDS.TOTL.CD,90566000167.6586,94488325174.3566,90399166831.7925,63889586000.721,46434157996.2591,61511423539.3059,70984086596.5271,70103517461.4199,58602657894.0338,73107693571.961,90341947562.2874,97086410399.7457,107656210677.826,..
Kazakhstan,KAZ,Gross fixed capital formation (% of GDP),NE.GDI.FTOT.ZS,22.8031563737231,21.8821878595818,21.5559106762948,22.8815209624498,22.7192642717924,21.6975410616293,21.1768265541377,23.4674329467477,24.7185824193274,23.0389712497624,22.1256625498161,24.9591798473368,24.3175818053134,..
Kazakhstan,KAZ,Gross fixed capital formation (annual % growth),NE.GDI.FTOT.KD.ZG,9.89999999999999,5.4999999999999,4.39999999999989,4.20000000000005,3.00000000000014,4.49999999999994,5.39999999999982,13.8000000000001,-0.19999999999996,2.59999999999998,3.79999999999998,17.1,6.5,..
Kazakhstan,KAZ,Gross fixed capital formation (constant 2015 US$),NE.GDI.FTOT.KD,36761888949.376,38783792841.5917,40490279726.6217,42190871475.1398,43456597619.3941,45412144512.2668,47864400315.9291,54469687559.5274,54360748184.4083,55774127637.2029,57893544487.4166,67793340594.7649,72199907733.4246,..
Kazakhstan,KAZ,Gross fixed capital formation (constant LCU),NE.GDI.FTOT.KN,3816550055349.51,4026460308393.73,4203624561963.05,4380176793565.5,4511582097372.47,4714603291754.23,4969191869508.95,5654940347501.19,5643630466806.19,5790364858943.15,6010398723582.99,7038176905315.68,7495658404161.2,..
Kazakhstan,KAZ,Gross fixed capital formation (current LCU),NE.GDI.FTOT.CN,7072441500000,7877374300000,8552487100000,9354911600000,10671499700000,11798875000000,13091416000000,16317522500000,17463439500000,19341582200000,22958808400000,29811815900000,33240509500000,..
Kazakhstan,KAZ,Gross fixed capital formation (current US$),NE.GDI.FTOT.CD,47430238913.572,51780828458.7531,47728151890.0095,42190871475.1398,31188624327.7999,36192754523.9636,37978516017.7432,42632624791.974,42289135610.3911,45412635842.2897,49892556800.2782,65353141735.9947,70880954234.0806,..
Kazakhstan,KAZ,"Gross fixed capital formation, private sector (% of GDP)",NE.GDI.FPRV.ZS,..,..,..,..,..,..,..,..,..,..,..,..,..,..
Kazakhstan,KAZ,"Gross fixed capital formation, private sector (current LCU)",NE.GDI.FPRV.CN,..,..,..,..,..,..,..,..,..,..,..,..,..,..
Kazakhstan,KAZ,"Gross intake ratio in first grade of primary education, female (% of relevant age group)",SE.PRM.GINT.FE.ZS,112.46132,110.89746,111.12413,112.2633,107.41734,108.60426,100.51496,105.97676,..,..,..,..,..,..
Kazakhstan,KAZ,"Gross intake ratio in first grade of primary education, male (% of relevant age group)",SE.PRM.GINT.MA.ZS,112.53359,110.52026,111.01029,111.53909,107.78096,106.61771,98.34189,102.56649,..,..,..,..,..,..
Kazakhstan,KAZ,"Gross intake ratio in first grade of primary education, total (% of relevant age group)",SE.PRM.GINT.ZS,112.4984,110.70383,111.06564,111.89094,107.60444,107.5817,99.39663,104.22258,..,..,..,..,..,..
Kazakhstan,KAZ,Gross national expenditure (% of GDP),NE.DAB.TOTL.ZS,81.6880144129134,84.6395512527366,84.9624278460957,93.258455891554,94.0027531793452,89.4764100764176,85.6774747666985,89.0385928395787,94.5528544048073,89.444065655368,84.9123094342143,91.0786246422736,90.2776209801032,..
Kazakhstan,KAZ,Gross national expenditure (constant 2015 US$),NE.DAB.TOTL.KD,147723509354.165,159944846252.949,167028295883.132,171957779071.924,174931236542.964,178521317843.288,183450154510.739,199711429716.557,197851242445.937,205025546265.131,212027878872.733,233662795726.208,246906597448.985,..
Kazakhstan,KAZ,Gross national expenditure (constant LCU),NE.DAB.TOTL.KN,12515924877252.2,13538998636661.7,14173633517763.6,14615186105842.3,14875326557495.1,15190944567404,15611769241567,17030526008585.3,16871092292924.6,17458143393603,18038880929108.5,19954171849711.4,21084204540353.1,..
Kazakhstan,KAZ,Gross national expenditure (current LCU),NE.DAB.TOTL.CN,25335690100000,30469413300000,33709550900000,38127911700000,44154174200000,48656249800000,52965417700000,61910872200000,66800677500000,75089713400000,88109697900000,108786394700000,123403475800000,..
Kazakhstan,KAZ,Gross national expenditure (current US$),NE.DAB.TOTL.CD,169909900913.74,200286466434.145,188120080941.041,171957779071.924,129045400397.475,149251831642.258,153653964132.368,161753905045.723,161763260305.251,176305215099.523,191474140580.009,238480362807.318,263141457579.231,..
Kazakhstan,KAZ,Gross national expenditure deflator (base year varies by country),NE.DAB.DEFL.ZS,202.4276299872,225.049238261189,237.832810180624,260.878728631164,296.828268134742,320.29772463527,339.265953015609,363.528831515773,395.94755538155,430.112823036581,488.44325901515,545.181205811722,585.288743352009,..
Kazakhstan,KAZ,Gross savings (% of GDP),NY.GNS.ICTR.ZS,29.7548257390935,28.9878251857334,30.1412778885092,27.643392058977,23.9011960222432,25.9340922663471,27.7913301525253,26.6826853195017,26.2304445489499,24.4957394218942,28.2834753512671,26.5181851973198,28.6963179827299,..
Kazakhstan,KAZ,Gross savings (% of GNI),NY.GNS.ICTR.GN.ZS,34.405774033665,32.4347398487223,33.5846111988147,29.5022632487859,26.497363324599,29.1001989531031,31.6895877798054,30.4914713956188,28.7646690949542,27.9222643976766,31.8921077101872,29.5185815604809,31.215996972678,..
Kazakhstan,KAZ,Gross savings (current LCU),NY.GNS.ICTR.CN,9228514725484.69,10435334464556.3,11958803048969.5,11301761340963.9,11226666635401.9,14102663155237.7,17180471459684.5,18553171923379.4,18531555477895.2,20564562212526.5,29348494763211.6,31673927586565.2,39225949280513.1,..
Kazakhstan,KAZ,Gross savings (current US$),NY.GNS.ICTR.CD,61889611705.824,68595225165.1801,66737495382.358,50971209624.1843,32811160379.3602,43259567180.0627,49840965295.4279,48473683263.5238,44875665110.312,48284104441.7543,63778198609.6544,69435242919.9198,83644106470.1615,..
Kazakhstan,KAZ,Gross value added at basic prices (GVA) (constant 2015 US$),NY.GDP.FCST.KD,156450386794.286,165211608454.767,171654861184.503,174916303547.008,177015299189.572,184095911157.156,191643843514.598,200459460316.269,195848892728.995,203878697330.884,209791179553.48,220070947351.601,231734707561.235,..
Kazakhstan,KAZ,Gross value added at basic prices (GVA) (constant LCU),NY.GDP.FCST.KN,10936394304945.5,11548832386022.5,11999236849077.4,12227222349209.8,12373949017400.3,12868906978096.4,13396532164198.3,14012772643751.4,13690478872945.1,14251788506735.9,14665090373431.2,15383679801729.4,16199014831221,..
Kazakhstan,KAZ,Gross value added at basic prices (GVA) (current LCU),NY.GDP.FCST.CN,28528090100000,32896601000000,36651572200000,38783900400000,44337585500000,51195859300000,57706553300000,64681604800000,66828235100000,79096070300000,96367516000000,110601119000000,128406828100000,..
Kazakhstan,KAZ,Gross value added at basic prices (GVA) (current US$),NY.GDP.FCST.CD,191319239500.377,216241248464.865,204538373985.884,174916303547.008,129581439969.605,157042020386.543,167408113746.657,168992969881.374,161829993269.482,185711851282.262,209419482142.275,242458581872.787,273810439214.223,..
Kazakhstan,KAZ,High-technology exports (% of manufactured exports),TX.VAL.TECH.MF.ZS,31.0076871379505,38.5352075588581,39.2634412451113,43.4296221763068,32.0985345639872,24.2104171386819,23.5707068133801,29.2897210078218,34.0989696117001,27.3435440636149,32.2666497110269,34.4293373196596,42.19530029659,..
Kazakhstan,KAZ,High-technology exports (current US$),TX.VAL.TECH.CD,3570823080,3111007262,3394068818,2855226725,2073669213,1785382621,1772255489,2224579104,2031756167,2117626840,3760939727,5145671171,7194367300,..
Kazakhstan,KAZ,"Hospital beds (per 1,000 people)",SH.MED.BEDS.ZS,6.53,6.12,5.91,5.67,5.45,5.33,5.2,5.01,6.54,..,..,..,..,..
Kazakhstan,KAZ,Households and NPISHs final consumption expenditure (% of GDP),NE.CON.PRVT.ZS,44.9367510818071,49.8965892829137,48.4825043206591,53.7178141400066,54.5443168838745,52.5879857667772,52.0980613500686,52.2788563150279,53.0038950341928,51.6402830303106,49.4371300696689,51.6743656329957,52.2754122064502,..
Kazakhstan,KAZ,Households and NPISHs Final consumption expenditure (annual % growth),NE.CON.PRVT.KD.ZG,10.0700126673287,10.6518631194183,1.38291157566877,1.82458743231007,1.24067551641514,1.5478179936655,6.07439719285527,6.07850207897538,-3.69356145032697,6.25803327538851,3.88587203782016,7.52826189911116,6.73682298690133,..
Kazakhstan,KAZ,Households and NPISHs Final consumption expenditure (constant 2015 US$),NE.CON.PRVT.KD,86711318463.431,95947689415.1986,97274561118.7081,99049420535.7148,100278302445.452,101830428054.445,108016012717.657,114581768296.326,110349620273.43,117255336229.406,121811728552.797,130982034502.086,139806062311.133,..
Kazakhstan,KAZ,Households and NPISHs Final consumption expenditure (constant LCU),NE.CON.PRVT.KN,6986004939463.31,7730144623130.74,7837045687939.95,7980039438626.5,8079045834141.81,8204094759279.14,8702444061035.98,9231422304207.72,8890454048662.62,9446821621361.05,9813913021208.27,10552730095995.8,11263648842848.5,..
Kazakhstan,KAZ,Households and NPISHs Final consumption expenditure (current LCU),NE.CON.PRVT.CN,13937217200000,17962285700000,19235837400000,21962062900000,25620092900000,28596746000000,32206780000000,36350861900000,37446739400000,43352837600000,51298694200000,61721045500000,71456995600000,..
Kazakhstan,KAZ,Households and NPISHs Final consumption expenditure (current US$),NE.CON.PRVT.CD,93467799144.9409,118072596164.285,107347834428.037,99049420535.7148,74877521919.5698,87719804486.6258,93432651602.3882,94973526541.6404,90680317623.2022,101789326555.649,111478913433.225,135304211195.51,152372515073.167,..
Kazakhstan,KAZ,Households and NPISHs Final consumption expenditure per capita (constant 2015 US$),NE.CON.PRVT.PC.KD,5010.44651312265,5465.08008344706,5459.86781861135,5477.13420150601,5460.71045140672,5459.51129963141,5705.25380298661,5964.83199617723,5664.14934647145,5938.90265264179,6080.0651788511,6442.7626391919,6789.15043250954,..
Kazakhstan,KAZ,Households and NPISHs Final consumption expenditure per capita growth (annual %),NE.CON.PRVT.PC.KD.ZG,8.54290712888606,9.07371367269762,-0.0953739882331206,0.316241774861453,-0.299860282678054,-0.0219596293554787,4.50118133049348,4.54980973948504,-5.04092403438166,4.85074261577343,2.3769126127454,5.96535480577423,5.37638607405042,..
Kazakhstan,KAZ,"Households and NPISHs Final consumption expenditure per capita, PPP (constant 2021 international $)",NE.CON.PCAP.PP.KD,13012.7818674773,14193.5244349849,14179.9875046604,14224.8305488203,14182.1759317261,14179.0615784569,14817.2868510656,15491.4452113428,14710.5332264112,15424.1033306322,15790.7207881009,16732.6933095003,17632.3075024058,..
Kazakhstan,KAZ,"Households and NPISHs Final consumption expenditure per capita, PPP (current international $)",NE.CON.PCAP.PP.CD,10017.9849678676,11106.8077776826,11089.6709633607,11595.927930352,12010.841906373,12214.5314002119,12968.2714108022,14336.4260211221,14058.8400956386,15424.1033306322,16887.5327144614,18171.688997196,19645.9871464624,..
Kazakhstan,KAZ,"Households and NPISHs Final consumption expenditure, PPP (constant 2021 international $)",NE.CON.PRVT.PP.KD,225200582353.44,249188640129.861,252634698679.468,257244239641.228,260435805939.845,264466878206.13,280531646831.915,297583768816.777,286592329449.33,304527372790.981,316360916817.774,340177395182.245,363094544137.125,..
Kazakhstan,KAZ,"Households and NPISHs Final consumption expenditure, PPP (current international $)",NE.CON.PRVT.PP.CD,173372309760.323,194996692962.5,197576738439.459,209702720404.305,220562296431.871,227824596874.085,245524742282.624,275396364156.176,273895967627.522,304527372790.981,338335114908.943,369432327168.65,404561385178.615,..
Kazakhstan,KAZ,Households and NPISHs final consumption expenditure: linked series (current LCU),NE.CON.PRVT.CN.AD,13937217200000,17962285700000,19235837400000,21962062900000,25620092900000,28596746000000,32206780000000,36350861900000,37446739400000,43352837600000,51298694200000,61721045500000,71456995600000,..
Kazakhstan,KAZ,"Human capital index plus (HCI+): overall score, male (scale 0�325)",HD_HCIP_OVRL_MA,..,..,..,225.064012052675,..,..,..,..,230.809314443143,..,..,..,..,226.659357978248
Kazakhstan,KAZ,"Human capital index plus (HCI+): overall score, total (scale 0�325)",HD_HCIP_OVRL_TO,..,..,..,229.741338844926,..,..,..,..,233.824576508346,..,..,..,..,229.787517348898
Kazakhstan,KAZ,"Human capital index plus (HCI+):�education pillar score, female (scale 0�188)",HD_HCIP_EDUC_FE,..,..,..,139.773618125269,..,..,..,..,138.256656503379,..,..,..,..,132.657737977813
Kazakhstan,KAZ,"Human capital index plus (HCI+):�education pillar score, male (scale 0�188)",HD_HCIP_EDUC_MA,..,..,..,130.388499839986,..,..,..,..,131.219992499016,..,..,..,..,126.14635011767
Kazakhstan,KAZ,"Human capital index plus (HCI+):�education pillar score, total (scale 0�188)",HD_HCIP_EDUC_TO,..,..,..,135.699418795537,..,..,..,..,135.576000467416,..,..,..,..,130.223061654029
Kazakhstan,KAZ,"Human capital index plus (HCI+):�health pillar score, female (scale 0�50)",HD_HCIP_HLTH_FE,..,..,..,44.052297770977,..,..,..,..,45.5546114838123,..,..,..,..,45.8593383514881
Kazakhstan,KAZ,"Human capital index plus (HCI+):�health pillar score, male (scale 0�50)",HD_HCIP_HLTH_MA,..,..,..,38.730200843811,..,..,..,..,41.3371159529686,..,..,..,..,41.9337410902977
Kazakhstan,KAZ,"Human capital index plus (HCI+):�health pillar score, total (scale 0�50)",HD_HCIP_HLTH_TO,..,..,..,41.4449099671841,..,..,..,..,43.4851953470707,..,..,..,..,43.9103970301151
Kazakhstan,KAZ,"Human capital index plus (HCI+):�on-the-job learning pillar score, female (scale�-30�87)",HD_HCIP_OTJL_FE,..,..,..,49.0415913333464,..,..,..,..,51.0609504414704,..,..,..,..,52.4214184697272
Kazakhstan,KAZ,"Human capital index plus (HCI+):�on-the-job learning pillar score, male (scale�-30�87)",HD_HCIP_OTJL_MA,..,..,..,55.945311368878,..,..,..,..,58.2522059911585,..,..,..,..,58.5792667702802
Kazakhstan,KAZ,"Human capital index plus (HCI+):�on-the-job learning pillar score, total (scale�-30�87)",HD_HCIP_OTJL_TO,..,..,..,52.5970100822044,..,..,..,..,54.7633806938593,..,..,..,..,55.6540586647533
Kazakhstan,KAZ,"Human capital index plus (HCI+):�overall score, female (scale 0�325)",HD_HCIP_OVRL_FE,..,..,..,232.867507229593,..,..,..,..,234.872218428662,..,..,..,..,230.938494799028
Kazakhstan,KAZ,"IBRD loans and IDA credits (DOD, current US$)",DT.DOD.MWBG.CD,2640643000,3096616000,3428914000,3261017000,4313483000,4184924000,3977324000,3801644000,3615097000,3463170000,3576185000,3383267000,3831067000,..
Kazakhstan,KAZ,ICT goods exports (% of total goods exports),TX.VAL.ICTG.ZS.UN,0.44,0.33,0.84,0.19,0.16,0.13,0.11,0.12,0.11,1.12,1.85,..,..,..
Kazakhstan,KAZ,ICT goods imports (% total goods imports),TM.VAL.ICTG.ZS.UN,5.81,5.96,5.99,4.89,5.2,5.85,5.99,5.63,6.26,8.65,7.53,..,..,..
Kazakhstan,KAZ,"ICT service exports (% of service exports, BoP)",BX.GSR.CCIS.ZS,2.28989872813297,2.35566201960739,2.09293369892105,2.31165485004928,2.0438041330492,1.78551447032007,1.67294760427611,1.69729360472721,2.78310459528665,3.23347992448331,5.82621096436596,6.7711791434388,7.23521044258557,..
Kazakhstan,KAZ,"ICT service exports (BoP, current US$)",BX.GSR.CCIS.CD,124362300,140646781.154556,146557354.58196,142800910,124355872,116145575.517642,122458318.835831,131614002.399069,144951860.386401,191907746,477241640,721961621,855301573.930182,..
Kazakhstan,KAZ,IDA resource allocation index (1=low to 6=high),IQ.CPA.IRAI.XQ,..,..,..,..,..,..,..,..,..,..,..,..,..,..
Kazakhstan,KAZ,"IFC, private nonguaranteed (NFL, US$)",DT.NFL.NIFC.CD,-20981841.67,49186785,6576564,-32783370,-34720339,32816025,76845074,-24700056,-47958015,-564635,90502643,91562078.52,9382618.9,..
Kazakhstan,KAZ,"IMF repurchases and charges (TDS, current US$)",DT.TDS.DIMF.CD,157913.5,678928.8,261376.7,240649.4,403117,255159.9,460209.8,4717066.7,1500333.3,1099764.8,25612825.3,74167791.8,74289315.1,..
Kazakhstan,KAZ,"Immunization, DPT (% of children ages 12-23 months)",SH.IMM.IDPT,99,98,95,98,83,99,98,97,88,95,99,99,98,..
Kazakhstan,KAZ,"Immunization, HepB3 (% of one-year-old children)",SH.IMM.HEPB,95,99,95,98,83,99,98,97,88,95,99,97,98,..
Kazakhstan,KAZ,"Immunization, measles (% of children ages 12-23 months)",SH.IMM.MEAS,96,99,99,99,99,99,99,99,93,97,99,99,93,..
Kazakhstan,KAZ,Import unit value index (2015 = 100),TM.UVI.MRCH.XD.WD,110.4,108.9,108.1,100,99.3,103.6,107.7,105.2,103.5,120.6,135.6,133.5,132.3,..
Kazakhstan,KAZ,Import value index (2015 = 100),TM.VAL.MRCH.XD.WD,151.3,159.6,135.1,100,81.8,95.7,106.6,123.6,121.7,134.8,166.8,198.3,..,..
Kazakhstan,KAZ,Import volume index (2015 = 100),TM.QTY.MRCH.XD.WD,137.2,146.6,125,100,82.3,92.4,98.9,117.5,117.7,111.9,123.1,148.6,..,..
Kazakhstan,KAZ,Imports of goods and services (% of GDP),NE.IMP.GNFS.ZS,29.614069450738,26.7905716146741,25.6302765606214,24.5330208000299,28.4677079441317,24.427634998983,25.9027380865315,28.419629452657,26.4975355671251,25.0237464537583,26.7653058374068,27.6837063179642,25.5741795098408,..
Kazakhstan,KAZ,Imports of goods and services (annual % growth),NE.IMP.GNFS.KD.ZG,24.8,7.80000000000005,-3.99999999999997,-0.0999999999999801,-1.99999999999993,0.999999999999915,6.60000000000001,14.8999999999999,-8.99999999999991,-0.300000000000082,13.1000000000001,15.5999999999999,2.09999999999999,..
Kazakhstan,KAZ,"Imports of goods and services (BoP, current US$)",BM.GSR.GNFS.CD,61002231899.7482,63249450100.4516,56299719765.1555,44885943479.2941,36448242116.9645,41159211358.3138,47068506644.9528,52661689764.3197,46501743447.3929,49597078001.832,60439222512.2411,72673050756.6477,74748094967.2,..
Kazakhstan,KAZ,Imports of goods and services (constant 2015 US$),NE.IMP.GNFS.KD,43755147462.8777,47168048964.9821,45281327006.3829,45236045679.3765,44331324765.789,44774638013.4468,47729764122.3343,54841498976.5621,49905764068.6716,49756046776.4655,56274088904.1825,65052846773.2349,66418956555.4729,..
Kazakhstan,KAZ,Imports of goods and services (constant LCU),NE.IMP.GNFS.KN,4730942695153.57,5099956225375.55,4895957976360.53,4891062018384.17,4793240778016.49,4841173185796.65,5160690616059.23,5929633517852.05,5395966501245.37,5379778601741.63,6084529598569.79,7033716215946.67,7181424256481.55,..
Kazakhstan,KAZ,Imports of goods and services (current LCU),NE.IMP.GNFS.CN,9184858900000,9644344600000,10169025700000,10030113000000,13371609800000,13283468900000,16012952600000,19760914800000,18720252700000,21007832500000,27773158300000,33066052700000,34958194600000,..
Kazakhstan,KAZ,Imports of goods and services (current US$),NE.IMP.GNFS.CD,61596840640.456,63395762891.4119,56749434112.9155,45236045679.3765,39079991232.1721,40746709251.8909,46453964705.6103,51629140772.7225,45332610743.2096,49324871010.7242,60354782089.0333,72487044600.0899,74543688674.4676,..
Kazakhstan,KAZ,"Imports of goods, services and primary income (BoP, current US$)",BM.GSR.TOTL.CD,91208863886.2574,90717533542.692,81216469275.0516,58762294211.1466,52154216992.1481,61746011885.9298,71650009549.3578,77902615822.7074,63737898000.1061,75995964444.2411,89818117715.3535,103063041144.459,103326113839.465,..
Kazakhstan,KAZ,"Incidence of HIV, ages 15-24 (per 1,000 uninfected population ages 15-24)",SH.HIV.INCD.YG.P3,0.13,0.14,0.14,0.14,0.13,0.13,0.12,0.12,0.11,0.11,0.1,0.1,0.1,..
Kazakhstan,KAZ,"Incidence of HIV, ages 15-49 (per 1,000 uninfected population ages 15-49)",SH.HIV.INCD.ZS,0.27,0.28,0.28,0.28,0.28,0.27,0.26,0.26,0.26,0.24,0.22,0.24,0.21,..
Kazakhstan,KAZ,"Incidence of HIV, all (per 1,000 uninfected population)",SH.HIV.INCD.TL.P3,0.16,0.16,0.16,0.16,0.16,0.15,0.14,0.14,0.14,0.13,0.12,0.12,0.11,..
Kazakhstan,KAZ,"Incidence of malaria (per 1,000 population at risk)",SH.MLR.INCD.P3,0,0,0,0,0,0,0,0,..,..,..,..,0,..
Kazakhstan,KAZ,"Incidence of tuberculosis (per 100,000 people)",SH.TBS.INCD,105,109,86,78,68,67,68,66,62,57,53,49,45,..
Kazakhstan,KAZ,Income share held by fourth 20%,SI.DST.04TH.20,22.5,22.3,22.2,22.2,22.2,22.1,21.9,21.8,21.7,21.5,..,..,..,..
Kazakhstan,KAZ,Income share held by highest 10%,SI.DST.10TH.10,22.9,22.5,22.6,22.6,22.7,23,23.4,23.6,24.2,24.8,..,..,..,..
Kazakhstan,KAZ,Income share held by highest 20%,SI.DST.05TH.20,37.7,37,37,36.9,37.2,37.4,37.9,38.1,38.8,39.3,..,..,..,..
Kazakhstan,KAZ,Income share held by lowest 10%,SI.DST.FRST.10,4.1,4.3,4.3,4.3,4.2,4.3,4.3,4.3,4.3,4.3,..,..,..,..
Kazakhstan,KAZ,Income share held by lowest 20%,SI.DST.FRST.20,9.4,9.8,9.9,10,9.8,9.8,9.8,9.8,9.8,9.8,..,..,..,..
Kazakhstan,KAZ,Income share held by second 20%,SI.DST.02ND.20,13.3,13.6,13.7,13.7,13.6,13.6,13.5,13.4,13.2,13.1,..,..,..,..
Kazakhstan,KAZ,Income share held by third 20%,SI.DST.03RD.20,17.1,17.3,17.3,17.2,17.2,17.1,16.8,16.8,16.5,16.3,..,..,..,..
Kazakhstan,KAZ,Individuals using the Internet (% of population),IT.NET.USER.ZS,61.9066274652008,63.30422443,66,70.82993359566,74.5877264735738,76.4267482325439,78.9039190578816,81.8776204746284,85.94259898,90.9239507,92.29685266,92.87846096,93.39167254,..
Kazakhstan,KAZ,"Individuals using the Internet, female (% of female population)",IT.NET.USER.FE.ZS,..,..,..,69.9427,73.2948,75.561,77.8547,80.9902,84.9066,90.0012,91.8952,91.7601,92.6203,..
Kazakhstan,KAZ,"Individuals using the Internet, male (% of male population)",IT.NET.USER.MA.ZS,..,..,..,71.7961,75.9937,77.3668,80.0414,82.8381,87.0624,91.9197,92.725,94.0687,94.2114,..
Kazakhstan,KAZ,"Industrial design applications, nonresident, by count",IP.IDS.NRCT,118,222,193,123,150,98,170,..,..,196,..,..,..,..
Kazakhstan,KAZ,"Industrial design applications, resident, by count",IP.IDS.RSCT,119,135,107,94,89,105,83,..,..,134,..,..,..,..
Kazakhstan,KAZ,"Industry (including construction), value added (% of GDP)",NV.IND.TOTL.ZS,36.3028533254093,33.6988156382046,33.2094258316125,30.8547873936113,31.9797903606788,32.3252253010728,33.4962004017876,33.028795913527,33.0977971542858,35.2669295966944,34.9793974237581,32.4284843310401,32.112807813811,..
Kazakhstan,KAZ,"Industry (including construction), value added (annual % growth)",NV.IND.TOTL.KD.ZG,1.77615734526077,3.08507081155871,1.47197919362787,-0.362033748897815,1.11349795566105,6.80008133863296,4.43387303726308,5.54403065865631,1.50806036655582,4.46129859609866,2.64863570004043,6.00800966228401,5.38221496258753,..
Kazakhstan,KAZ,"Industry (including construction), value added (constant 2015 US$)",NV.IND.TOTL.KD,54587022485.9881,56271070783.6023,57099369237.5685,56892650250.5208,57526148747.9817,61437973653.8274,64162055402.3053,67719219425.0332,68740466133.7231,71807183584.2985,73709094283.9058,78137543790.4649,82343074363.7537,..
Kazakhstan,KAZ,"Industry (including construction), value added (constant LCU)",NV.IND.TOTL.KN,4151234931021.07,4279303468197.23,4342293924881.29,4326573355396.88,4374749661259.4,4672236196586.61,4879397217544.31,5149912495242.59,5227576284495.65,5460794071885.84,5605430613179.5,5942205426031.95,6262027695579.53,..
Kazakhstan,KAZ,"Industry (including construction), value added (current LCU)",NV.IND.TOTL.CN,11259397700000,12131245100000,13176116300000,12614712500000,15021275300000,17578088300000,20707195800000,22965789300000,23383273700000,29607147400000,36296553000000,38733324200000,43896062600000,..
Kazakhstan,KAZ,"Industry (including construction), value added (current US$)",NV.IND.TOTL.CD,75509415374.2979,79743058739.0254,73530853976.597,56892650250.5208,43901318973.5796,53920347053.6349,60072078327.7259,60002483727.4428,56624494419.5668,69515440324.4836,78877257070.8333,84910776144.5968,93602500413.146,..
Kazakhstan,KAZ,"Industry (including construction), value added per worker (constant 2015 US$)",NV.IND.EMPL.KD,32907.8953824967,32924.5656043581,32819.4940226608,31594.1956842968,32194.752830704,34758.6094052138,35831.5648544378,37678.9380712867,38445.2475738794,39581.6306723752,39454.0042728987,41102.7459401105,42470.0657975811,..
Kazakhstan,KAZ,"Inflation, consumer prices (annual %)",FP.CPI.TOTL.ZG,5.19568369035073,5.94283871648418,6.84944977003358,6.67828585615236,14.3610942386248,7.44266321306792,6.16366247577762,5.33356098916669,6.71815454861458,8.04147134028401,15.0278644440851,14.5275597825952,8.69082156104494,..
Kazakhstan,KAZ,"Inflation, GDP deflator (annual %)",NY.GDP.DEFL.KD.ZG,4.78556981066754,9.49908144359215,5.77123952478276,1.82354987628641,13.6384336176426,11.211105653729,9.20560599766662,7.63328623733945,4.21085829258907,13.9300750551614,19.7690064802492,9.52224688275005,8.9933163485769,..
Kazakhstan,KAZ,"Inflation, GDP deflator: linked series (annual %)",NY.GDP.DEFL.KD.ZG.AD,4.78556981066754,9.49908144359215,5.77123952478276,1.82354987628641,13.6384336176426,11.211105653729,9.20560599766662,7.63328623733945,4.21085829258907,13.9300750551614,19.7690064802492,9.52224688275005,8.9933163485769,..
Kazakhstan,KAZ,Informal payments to public officials (% of firms),IC.FRM.CORR.ZS,..,21.16565895,..,..,..,..,..,7.902630329,..,..,..,..,12.39131927,..
Kazakhstan,KAZ,Insurance and financial services (% of commercial service exports),TX.VAL.INSF.ZS.WT,2.69919651430025,1.14581503169397,1.31287888166967,1.75273506507382,1.30960018620359,1.65899572716775,1.31711620207968,2.41404483083976,5.10424168790777,4.95867361693176,7.04287393613234,10.3021802818995,10.8799066784961,..
Kazakhstan,KAZ,Insurance and financial services (% of commercial service imports),TM.VAL.INSF.ZS.WT,3.24585929235805,2.38663975260537,1.35531959506042,1.73812845668124,4.41242561705451,2.69502615164741,2.44065003231469,2.466413672449,3.08893960233425,3.74833062929776,5.26900912537871,5.07610470023878,5.94606916336469,..
Kazakhstan,KAZ,"Insurance and financial services (% of service exports, BoP)",BX.GSR.INSF.ZS,2.58858352214481,1.10461943367788,1.26355992171532,1.67669262420226,1.26287753096341,1.59686474570873,1.27223511754801,2.32738373046164,4.91305909217001,4.78755949083724,6.84578612195619,10.0518355999378,10.6178511385991,..
Kazakhstan,KAZ,"Insurance and financial services (% of service imports, BoP)",BM.GSR.INSF.ZS,3.22000562464478,2.36629044114347,1.34044374064026,1.70666764303426,4.34067272468668,2.65959163280593,2.41401978153935,2.43841141884921,3.04227723634865,3.68101594207848,5.1984786657258,5.01259545393642,5.86522072214828,..
Kazakhstan,KAZ,"Intentional homicides (per 100,000 people)",VC.IHR.PSRC.P5,7.31533714170016,6.37940291294929,5.07400953678053,4.71683271705767,..,4.90565829350323,..,..,3.11054491665357,2.84649159527772,2.55058633787163,..,..,..
Kazakhstan,KAZ,"Intentional homicides, female (per 100,000 female)",VC.IHR.PSRC.FE.P5,3.05716279674348,3.05872968552872,2.19734151835868,2.66538643165392,..,2.27894257064722,..,..,1.49563006806712,1.38032689098622,1.40966161656203,..,..,..
Kazakhstan,KAZ,"Intentional homicides, male (per 100,000 male)",VC.IHR.PSRC.MA.P5,11.9592262863794,9.99717341822996,8.20408096771589,6.94576808887999,..,7.75033555937712,..,..,4.82391698038877,4.39533977330462,3.7544420511871,..,..,..
Kazakhstan,KAZ,Interest payments (% of expense),GC.XPN.INTP.ZS,2.34862782716403,2.94591543656814,3.31840312490705,4.07392953490799,6.82078180755673,3.96899772894488,6.43812969337012,6.06333969680455,6.40751639055593,6.79834849936599,7.73489019040517,8.67727591100597,..,..
Kazakhstan,KAZ,Interest payments (% of revenue),GC.XPN.INTP.RV.ZS,1.61992333923976,2.05729162569689,2.56499448957921,4.48033492970326,7.84060442079528,4.55046814492334,5.72804299421625,6.28036306653355,10.1889346238255,8.89201718246527,7.06990907348092,8.9577841399038,..,..
Kazakhstan,KAZ,Interest payments (current LCU),GC.XPN.INTP.CN,115063325858.949,154928371557.1,201557799235.11,257952423248.9,523210608957.8,410640331308.56,585263948362.56,677267095895.62,761998243804.21,976894791700,1297405834595.59,1808139556668.52,..,..
Kazakhstan,KAZ,"Interest rate spread (lending rate minus deposit rate, %)",FR.INR.LNDP,..,..,..,..,..,..,..,..,..,..,..,..,..,..
Kazakhstan,KAZ,Internally displaced people (IDP) by country or territory of asylum / origin,SM.POP.IDPC,..,..,..,..,..,..,..,..,..,..,120,..,..,..
Kazakhstan,KAZ,"Internally displaced persons, new displacement associated with conflict and violence (number of cases)",VC.IDP.NWCV,..,..,..,..,..,..,..,..,..,..,120,..,..,..
Kazakhstan,KAZ,"Internally displaced persons, new displacement associated with disasters (number of cases)",VC.IDP.NWDS,5100,330,..,19000,1000,7100,400,..,32000,140,4000,1700,..,..
Kazakhstan,KAZ,International migrant stock (% of population),SM.POP.TOTL.ZS,..,..,..,10.6,..,..,..,..,10.2,..,..,..,10.1,..
Kazakhstan,KAZ,"International migrant stock, total",SM.POP.TOTL,..,..,..,1919920,..,..,..,..,1990268,..,..,..,2089797,..
Kazakhstan,KAZ,"International tourism, expenditures (% of total imports)",ST.INT.XPND.MP.ZS,5.91617697846052,5.9636882123234,6.69807952105281,6.78608883737761,7.0785306784361,6.54774450496276,6.05925321046025,5.61128975014798,1.85154348239447,..,..,..,..,..
Kazakhstan,KAZ,"International tourism, expenditures (current US$)",ST.INT.XPND.CD,3609000000,3772000000,3771000000,3046000000,2580000000,2695000000,2852000000,2955000000,861000000,..,..,..,..,..
Kazakhstan,KAZ,"International tourism, expenditures for passenger transport items (current US$)",ST.INT.TRNX.CD,337000000,304000000,256000000,179000000,133000000,135000000,165000000,192000000,35000000,..,..,..,..,..
Kazakhstan,KAZ,"International tourism, expenditures for travel items (current US$)",ST.INT.TVLX.CD,3272000000,3468000000,3515000000,2867000000,2447000000,2560000000,2687000000,2763000000,826000000,..,..,..,..,..
Kazakhstan,KAZ,"International tourism, number of arrivals",ST.INT.ARVL,6163000,6841000,6333000,6430000,6509000,7701000,8789000,8515000,2035000,..,..,..,..,..
Kazakhstan,KAZ,"International tourism, number of departures",ST.INT.DPRT,9066000,10144000,10450000,11303000,9756000,10261000,10646000,10707000,2865000,..,..,..,..,..
Kazakhstan,KAZ,"International tourism, receipts (% of total exports)",ST.INT.RCPT.XP.ZS,2.33351255372693,2.52482705132924,2.90368888167276,3.83273752153495,4.72787040310455,4.20907085889854,3.99576575701656,4.34202472187034,1.19537232198366,..,..,..,..,..
Kazakhstan,KAZ,"International tourism, receipts (current US$)",ST.INT.RCPT.CD,2154000000,2365000000,2239000000,1833000000,2038000000,2356000000,2651000000,2922000000,589000000,..,..,..,..,..
Kazakhstan,KAZ,"International tourism, receipts for passenger transport items (current US$)",ST.INT.TRNR.CD,225000000,257000000,239000000,201000000,180000000,221000000,396000000,459000000,130000000,..,..,..,..,..
Kazakhstan,KAZ,"International tourism, receipts for travel items (current US$)",ST.INT.TVLR.CD,1929000000,2108000000,2000000000,1632000000,1858000000,2135000000,2255000000,2463000000,459000000,..,..,..,..,..
Kazakhstan,KAZ,Investment in energy with private participation (current US$),IE.PPI.ENGY.CD,..,..,..,..,..,..,52400000,553600000,265480000,27900000,..,194530000,..,..
Kazakhstan,KAZ,Investment in ICT with private participation (current US$),IE.PPI.ICTI.CD,..,..,..,..,..,..,..,..,..,..,..,..,..,..
Kazakhstan,KAZ,Investment in transport with private participation (current US$),IE.PPI.TRAN.CD,..,..,..,..,..,75000000,..,..,585000000,300000000,..,24150000,..,..
Kazakhstan,KAZ,Investment in water and sanitation with private participation (current US$),IE.PPI.WATR.CD,..,..,..,..,..,..,..,..,..,..,..,..,..,..
Kazakhstan,KAZ,"Labor force participation rate for ages 15-24, female (%) (modeled ILO estimate)",SL.TLF.ACTI.1524.FE.ZS,42.53,42.149,41.904,41.858,41.819,41.585,41.35,41.102,40.227,40.835,41.431,41.691,41.91,41.94
Kazakhstan,KAZ,"Labor force participation rate for ages 15-24, female (%) (national estimate)",SL.TLF.ACTI.1524.FE.NE.ZS,..,..,..,..,..,..,..,..,..,..,..,..,..,..
Kazakhstan,KAZ,"Labor force participation rate for ages 15-24, male (%) (modeled ILO estimate)",SL.TLF.ACTI.1524.MA.ZS,48.506,48.11,47.897,47.986,48.091,47.903,47.707,47.457,46.629,46.607,47.524,47.571,47.596,47.592
Kazakhstan,KAZ,"Labor force participation rate for ages 15-24, male (%) (national estimate)",SL.TLF.ACTI.1524.MA.NE.ZS,..,..,..,..,..,..,..,..,..,..,..,..,..,..
Kazakhstan,KAZ,"Labor force participation rate for ages 15-24, total (%) (modeled ILO estimate)",SL.TLF.ACTI.1524.ZS,45.501,45.117,44.894,44.924,44.966,44.764,44.562,44.33,43.489,43.781,44.541,44.693,44.814,44.828
Kazakhstan,KAZ,"Labor force participation rate for ages 15-24, total (%) (national estimate)",SL.TLF.ACTI.1524.NE.ZS,..,..,..,..,..,..,..,..,..,..,..,..,..,..
Kazakhstan,KAZ,"Labor force participation rate, female (% of female population ages 15+) (modeled ILO estimate)",SL.TLF.CACT.FE.ZS,66.037,65.892,65.71,65.46,65.205,65.018,64.818,64.661,63.607,64.068,64.743,65.029,65.291,62.649
Kazakhstan,KAZ,"Labor force participation rate, female (% of female population ages 15+) (national estimate)",SL.TLF.CACT.FE.NE.ZS,..,66.7,..,65.767,..,63.8,..,..,63.7,..,63.3,..,..,..
Kazakhstan,KAZ,"Labor force participation rate, female (% of female population ages 15-64) (modeled ILO estimate)",SL.TLF.ACTI.FE.ZS,73.355,73.373,73.418,73.43,73.454,73.553,73.626,73.745,72.843,73.542,74.6,75.328,76.042,73.348
Kazakhstan,KAZ,"Labor force participation rate, male (% of male population ages 15+) (modeled ILO estimate)",SL.TLF.CACT.MA.ZS,76.092,76.048,76.043,76.114,76.189,76.184,76.159,76.155,75.389,75.179,76.185,76.294,76.388,73.373
Kazakhstan,KAZ,"Labor force participation rate, male (% of male population ages 15+) (national estimate)",SL.TLF.CACT.MA.NE.ZS,..,77.3,..,77.171,..,76.2,..,..,75.5,..,74.6,..,..,..
Kazakhstan,KAZ,"Labor force participation rate, male (% of male population ages 15-64) (modeled ILO estimate)",SL.TLF.ACTI.MA.ZS,80.526,80.619,80.8,81.094,81.408,81.646,81.858,82.098,81.506,81.397,82.704,83.165,83.641,80.7
Kazakhstan,KAZ,"Labor force participation rate, total (% of total population ages 15+) (modeled ILO estimate)",SL.TLF.CACT.ZS,70.726,70.627,70.528,70.429,70.33,70.23,70.13,70.08,69.2,69.36,70.196,70.401,70.587,67.77
Kazakhstan,KAZ,"Labor force participation rate, total (% of total population ages 15+) (national estimate)",SL.TLF.CACT.NE.ZS,..,71.3,..,71.148,..,69.7,..,..,69.2,..,68.7,..,..,..
Kazakhstan,KAZ,"Labor force participation rate, total (% of total population ages 15-64) (modeled ILO estimate)",SL.TLF.ACTI.ZS,76.788,76.842,76.954,77.105,77.272,77.441,77.597,77.803,77.082,77.4,78.585,79.186,79.787,76.975
Kazakhstan,KAZ,Labor force with advanced education (% of total working-age population with advanced education),SL.TLF.ADVN.ZS,..,..,..,..,..,..,..,..,..,..,..,..,..,..
Kazakhstan,KAZ,"Labor force with advanced education, female (% of female working-age population with advanced education)",SL.TLF.ADVN.FE.ZS,..,..,..,..,..,..,..,..,..,..,..,..,..,..
Kazakhstan,KAZ,"Labor force with advanced education, male (% of male working-age population with advanced education)",SL.TLF.ADVN.MA.ZS,..,..,..,..,..,..,..,..,..,..,..,..,..,..
Kazakhstan,KAZ,Labor force with basic education (% of total working-age population with basic education),SL.TLF.BASC.ZS,..,..,..,..,..,..,..,..,..,..,..,..,..,..
Kazakhstan,KAZ,"Labor force with basic education, female (% of female working-age population with basic education)",SL.TLF.BASC.FE.ZS,..,..,..,..,..,..,..,..,..,..,..,..,..,..
Kazakhstan,KAZ,"Labor force with basic education, male (% of male working-age population with basic education)",SL.TLF.BASC.MA.ZS,..,..,..,..,..,..,..,..,..,..,..,..,..,..
Kazakhstan,KAZ,Labor force with intermediate education (% of total working-age population with intermediate education),SL.TLF.INTM.ZS,..,..,..,..,..,..,..,..,..,..,..,..,..,..
Kazakhstan,KAZ,"Labor force with intermediate education, female (% of female working-age population with intermediate education)",SL.TLF.INTM.FE.ZS,..,..,..,..,..,..,..,..,..,..,..,..,..,..
Kazakhstan,KAZ,"Labor force with intermediate education, male (% of male working-age population with intermediate education)",SL.TLF.INTM.MA.ZS,..,..,..,..,..,..,..,..,..,..,..,..,..,..
Kazakhstan,KAZ,"Labor force, female (% of total labor force)",SL.TLF.TOTL.FE.ZS,49.8230827415895,49.7941233329015,49.7240198204394,49.5963618998634,49.45826853236,49.3654000731703,49.1380522425601,48.7639984772218,48.284473390516,48.3728511323074,48.2781647593319,48.3230680353554,48.3580282702089,48.2996763809654
Kazakhstan,KAZ,"Labor force, total",SL.TLF.TOTL.IN,9036145,9093794,9151563,9211841,9280982,9361725,9452255,9556218,9543571,9656830,9896969,10084786,10266072,10009918
Kazakhstan,KAZ,Land area (sq. km),AG.LND.TOTL.K2,2699700,2699700,2699700,2699700,2699700,2699700,2699700,2699700,2699700,2699700,2699700,2699700,..,..
Kazakhstan,KAZ,Land area where elevation is below 5 meters (% of total land area),AG.LND.EL5M.ZS,..,..,..,0,..,..,..,..,..,..,..,..,..,..
Kazakhstan,KAZ,Land under cereal production (hectares),AG.LND.CREL.HA,14782933,15586933,14590530,14569311,15143345,14854951,14609677,15015731,15504689,15617630,15835245,16277911,16061052,..
Kazakhstan,KAZ,"Lead time to export, median case (days)",LP.EXP.DURS.MD,2,..,..,..,3,..,10,..,..,..,..,..,..,..
Kazakhstan,KAZ,"Lead time to import, median case (days)",LP.IMP.DURS.MD,..,..,..,..,3,..,..,..,..,..,..,..,..,..
Kazakhstan,KAZ,Learning poverty: Share of Children at the End-of-Primary age below minimum reading proficiency adjusted by Out-of-School Children (%),SE.LPV.PRIM,..,..,..,..,3.11136412620544,..,..,..,..,10.4149551391601,..,..,..,..
Kazakhstan,KAZ,Learning poverty: Share of Female Children at the End-of-Primary age below minimum reading proficiency adjusted by Out-of-School Children (%),SE.LPV.PRIM.FE,..,..,..,..,2.73983192443847,..,..,..,..,7.43506097793579,..,..,..,..
Kazakhstan,KAZ,Learning poverty: Share of Male Children at the End-of-Primary age below minimum reading proficiency adjusted by Out-of-School Children (%),SE.LPV.PRIM.MA,..,..,..,..,3.46284556388855,..,..,..,..,13.4373435974121,..,..,..,..
Kazakhstan,KAZ,Lending interest rate (%),FR.INR.LEND,..,..,..,..,..,..,..,..,..,..,..,..,..,..
Kazakhstan,KAZ,Level of water stress: freshwater withdrawal as a proportion of available freshwater resources,ER.H2O.FWST.ZS,31.33564494,32.04576976,32.01386963,30.03606103,30.00138696,31.14008322,32.6518724,32.61581137,34.09847434,34.00416089,34.62690707,..,..,..
Kazakhstan,KAZ,"Life expectancy at birth, female (years)",SP.DYN.LE00.FE.IN,74.971,75.526,76.031,76.482,76.876,77.215,77.503,77.743,75.468,74.07,77.752,78.394,78.515,..
Kazakhstan,KAZ,"Life expectancy at birth, male (years)",SP.DYN.LE00.MA.IN,64.762,65.688,66.513,67.234,67.854,68.383,68.828,69.198,66.811,66.147,68.986,70.112,70.266,..
Kazakhstan,KAZ,"Life expectancy at birth, total (years)",SP.DYN.LE00.IN,69.939,70.719,71.415,72.024,72.549,72.996,73.369,73.658,71.195,70.131,73.503,74.402,74.531,..
Kazakhstan,KAZ,Lifetime risk of maternal death (%),SH.MMR.RISK.ZS,0.0422193650491412,0.0386018400475286,0.0367989637020239,0.0341333633088793,0.032853313043869,0.0306163733779666,0.0306109338267282,0.0295869281506383,0.0517517673446525,0.0681964336007385,0.0381416315818391,0.0252845579250951,..,..
Kazakhstan,KAZ,Lifetime risk of maternal death (1 in: rate varies by country),SH.MMR.RISK,2369,2591,2717,2930,3044,3266,3267,3380,1932,1466,2622,3955,..,..
Kazakhstan,KAZ,Liner shipping connectivity index (maximum value in 2004 = 100),IS.SHP.GCNW.XQ,..,..,..,..,..,..,..,..,..,..,..,..,..,..
Kazakhstan,KAZ,"Listed domestic companies, total",CM.MKT.LDOM.NO,74,72,68,78,85,90,97,104,109,112,105,91,90,80
Kazakhstan,KAZ,"Literacy rate, adult female (% of females ages 15 and above)",SE.ADT.LITR.FE.ZS,..,..,..,..,..,..,..,..,..,..,..,..,..,..
Kazakhstan,KAZ,"Literacy rate, adult male (% of males ages 15 and above)",SE.ADT.LITR.MA.ZS,..,..,..,..,..,..,..,..,..,..,..,..,..,..
Kazakhstan,KAZ,"Literacy rate, adult total (% of people ages 15 and above)",SE.ADT.LITR.ZS,..,..,..,..,..,..,..,..,..,..,..,..,..,..
Kazakhstan,KAZ,"Literacy rate, youth (ages 15-24), gender parity index (GPI)",SE.ADT.1524.LT.FM.ZS,..,..,..,..,..,..,..,..,..,..,..,..,..,..
Kazakhstan,KAZ,"Literacy rate, youth female (% of females ages 15-24)",SE.ADT.1524.LT.FE.ZS,..,..,..,100,..,..,..,..,..,..,..,..,..,..
Kazakhstan,KAZ,"Literacy rate, youth male (% of males ages 15-24)",SE.ADT.1524.LT.MA.ZS,..,..,..,..,..,..,..,..,..,..,..,..,..,..
Kazakhstan,KAZ,"Literacy rate, youth total (% of people ages 15-24)",SE.ADT.1524.LT.ZS,..,..,..,..,..,..,..,..,..,..,..,..,..,..
Kazakhstan,KAZ,Livestock production index (2014-2016 = 100),AG.PRD.LVSK.XD,91.21,93.25,96.97,99.99,103.05,107.72,111.49,116.08,119.55,123.89,124.81,..,..,..
Kazakhstan,KAZ,Logistics performance index: Ability to track and trace consignments (1=low to 5=high),LP.LPI.TRAC.XQ,2.83,..,2.832671,..,2.857143,..,2.78,..,..,..,2.8,..,..,..
Kazakhstan,KAZ,Logistics performance index: Competence and quality of logistics services (1=low to 5=high),LP.LPI.LOGS.XQ,2.75,..,2.716356,..,2.567573,..,2.58,..,..,..,2.7,..,..,..
Kazakhstan,KAZ,Logistics performance index: Ease of arranging competitively priced shipments (1=low to 5=high),LP.LPI.ITRN.XQ,2.67,..,2.676066,..,2.750393,..,2.73,..,..,..,2.6,..,..,..
Kazakhstan,KAZ,Logistics performance index: Efficiency of customs clearance process (1=low to 5=high),LP.LPI.CUST.XQ,2.58,..,2.326113,..,2.516254,..,2.66,..,..,..,2.6,..,..,..
Kazakhstan,KAZ,Logistics performance index: Frequency with which shipments reach consignee within scheduled or expected time (1=low to 5=high),LP.LPI.TIME.XQ,2.73,..,3.235119,..,3.063267,..,3.53,..,..,..,2.9,..,..,..
Kazakhstan,KAZ,Logistics performance index: Overall (1=low to 5=high),LP.LPI.OVRL.XQ,2.69,..,2.69942,..,2.751998,..,2.81,..,..,..,2.7,..,..,..
Kazakhstan,KAZ,Logistics performance index: Quality of trade and transport-related infrastructure (1=low to 5=high),LP.LPI.INFR.XQ,2.6,..,2.383023,..,2.761905,..,2.55,..,..,..,2.5,..,..,..
Kazakhstan,KAZ,Low-birthweight babies (% of births),SH.STA.BRTW.ZS,5.697285924,5.633274271,5.573309984,5.516193472,5.470928767,5.426055083,5.381284458,5.335832328,5.291126034,..,..,..,..,..
Kazakhstan,KAZ,"Lower secondary completion rate, female (% of relevant age group)",SE.SEC.CMPT.LO.FE.ZS,95.9878651831609,99.5840471867782,97.2558320037946,98.8386382124375,102.495334623089,96.5872640713104,94.9599251393466,96.0184450996543,89.9445659289385,90.2000330633163,91.0264427095264,94.0293883849247,93.2491928382741,96.5100663783511
Kazakhstan,KAZ,"Lower secondary completion rate, male (% of relevant age group)",SE.SEC.CMPT.LO.MA.ZS,101.107402541232,99.5903345057492,98.4955928159586,97.5862211733532,103.335301546688,95.4949274483651,94.5054516830464,95.8998644826774,90.8350630688169,90.5147546157488,91.4354829193463,93.6580339738234,94.689303246921,98.3463152215477
Kazakhstan,KAZ,"Lower secondary completion rate, total (% of relevant age group)",SE.SEC.CMPT.LO.ZS,98.5433274539596,101.328163774344,97.8881719884902,98.1986213550328,102.924324414884,96.0292848500865,94.7277909587427,95.9578432295097,90.3999918341238,90.3610528015501,91.2358878459498,93.8392302032295,93.9863338292831,97.4490151227012
Kazakhstan,KAZ,Lower secondary school starting age (years),SE.SEC.AGES,11,11,11,11,11,11,11,11,10,10,10,10,10,10
Kazakhstan,KAZ,Machinery and transport equipment (% of value added in manufacturing),NV.MNF.MTRN.ZS.UN,8.5950411299344,9.19214324593875,9.10609528817269,6.7702113973916,6.18264153779665,7.22457155139928,7.28488098492176,8.29928983738729,9.28288758945585,10.004659439099,10.5239384537199,..,..,..
Kazakhstan,KAZ,Male primary school age children out-of-school (%),SE.LPV.PRIM.SD.MA,..,..,..,..,1.22705841064453,..,..,..,..,1.22705841064453,..,..,..,..
Kazakhstan,KAZ,Male pupils below minimum reading proficiency at end of primary (%). Low GAML threshold,SE.LPV.PRIM.LD.MA,..,..,..,..,2.26356244087219,..,..,..,..,12.3619737625122,..,..,..,..
Kazakhstan,KAZ,"Mammal species, threatened",EN.MAM.THRD.NO,..,..,..,..,..,..,16,..,..,..,17,..,..,..
Kazakhstan,KAZ,Management practices index,IC.MNG.IND,..,..,..,..,..,..,..,42.5830574,..,..,..,..,65.16287994,..
Kazakhstan,KAZ,Manufactures exports (% of merchandise exports),TX.VAL.MANF.ZS.UN,12.4791273706604,9.53163530592623,10.8790396375677,14.3062958695291,17.5670069796667,15.2041717466425,12.3042050667103,13.0802585240467,14.229245465169,14.5933733941909,15.3084330438373,18.9820133695905,20.8915061561968,..
Kazakhstan,KAZ,Manufactures imports (% of merchandise imports),TM.VAL.MANF.ZS.UN,76.7590082673409,77.4630751456749,81.5095783959087,80.3864662675998,77.884219966811,77.7211880720242,78.2981041769551,80.539421535215,68.6534052316567,69.9847067465714,68.3989029316633,83.602147472361,81.010605507901,..
Kazakhstan,KAZ,"Manufacturing, value added (% of GDP)",NV.IND.MANF.ZS,11.0807990431371,10.6349738343331,10.3182436278483,10.2754093827734,11.3301396708405,11.2801569362864,11.4286227484553,11.466364067234,13.0725321801007,13.6087547428034,13.4242966658263,12.2881884103734,12.3935343078141,..
Kazakhstan,KAZ,"Manufacturing, value added (annual % growth)",NV.IND.MANF.KD.ZG,2.99999999999952,2.90000000000066,1.59999999999938,0.20000000000033,1.79999999999983,6.10000000000053,4.49999999999969,5.80000000000007,3.99999999999987,4.70000000000037,3.59999999999955,3.99999999999984,6.80000000000049,..
Kazakhstan,KAZ,"Manufacturing, value added (constant 2015 US$)",NV.IND.MANF.KD,18086558452.9145,18611068648.0492,18908845746.4179,18946663437.9108,19287703379.7931,20464253285.9606,21385144683.8288,22625483075.4908,23530502398.5104,24636436011.2405,25523347707.6451,26544281615.9508,28349292765.8356,..
Kazakhstan,KAZ,"Manufacturing, value added (constant LCU)",NV.IND.MANF.KN,1258485463045.92,1294981541474.26,1315701246137.84,1318332648630.12,1342062636305.46,1423928457120.1,1488005237690.5,1574309541476.55,1637281923135.61,1714234173522.99,1775946603769.81,1846984467920.6,1972579411739.21,..
Kazakhstan,KAZ,"Manufacturing, value added (current LCU)",NV.IND.MANF.CN,3436730500000,3828486900000,4093849100000,4201012100000,5321896900000,6134020500000,7065121600000,7972864100000,9235617600000,11424765700000,13929791000000,14677293600000,16941133300000,..
Kazakhstan,KAZ,"Manufacturing, value added (current US$)",NV.IND.MANF.CD,23047903428.6193,25166028155.5344,22846202440.8758,18946663437.9108,15553825403.3201,18815954758.5223,20496089487.4094,20830620806.1119,22364797331.7121,26824523400.034,30271296165.5058,32175404952.1555,36124707839.1129,..
Kazakhstan,KAZ,Marine protected areas (% of territorial waters),ER.MRN.PTMR.ZS,..,1,1,1,1,1,1,1,50.7,50.7,50.7,50.7,52.5,52.5
Kazakhstan,KAZ,Market capitalization of listed domestic companies (% of GDP),CM.MKT.LCAP.GD.ZS,11.318635569647,11.0838438766528,10.3757091141607,18.923033720925,29.2553221457192,27.3121516467191,20.6341332683033,22.3919471381583,22.3593120234174,33.3767070340905,20.3056476432168,22.5627777261206,47.6981058726884,..
Kazakhstan,KAZ,Market capitalization of listed domestic companies (current US$),CM.MKT.LCAP.CD,23542600000,26228210000,22973440000,34891880000,40161214776.8558,45558250000,37005250000,40678820000,38252840000,65789580000,45788490000,59078400000,139030570000,158407040000
Kazakhstan,KAZ,"Maternal mortality ratio (modeled estimate, per 100,000 live births)",SH.STA.MMRT,17,15,14,13,12,12,11,11,18,23,14,10,..,..
Kazakhstan,KAZ,"Maternal mortality ratio (national estimate, per 100,000 live births)",SH.STA.MMRT.NE,..,..,..,..,..,..,..,..,..,..,..,..,..,..
Kazakhstan,KAZ,Medium and high-tech exports (% manufactured exports),TX.MNF.TECH.ZS.UN,40.1935468300943,33.1338637327315,36.5247559138972,41.490041790155,41.4496620564123,35.9171744347325,35.1480539659962,37.8197714758162,37.7092198414813,37.6902764795591,45.0009022904519,..,..,..
Kazakhstan,KAZ,Medium and high-tech manufacturing value added (% manufacturing value added),NV.MNF.TECH.ZS.UN,14.008121963593,16.4819866563994,16.5907165459518,14.1816777914065,12.4972096431726,13.7968286868295,14.1285324798939,15.9042219219565,16.8165332007683,16.8877852786075,17.5208021996914,..,..,..
Kazakhstan,KAZ,Merchandise exports (current US$),TX.VAL.MRCH.CD.WT,86449000000,84700000000,79460000000,45956000000,36685000000,48304000000,60956000000,57309000000,46447000000,60625000000,84593000000,78533000000,82471000000,..
Kazakhstan,KAZ,Merchandise exports by the reporting economy (current US$),TX.VAL.MRCH.WL.CD,92272840271,82359225690,79433467345,45953876623,36736656559,48348129951,60653909393,57676140887,41874386710,53068759299,76139804998,78735576338,..,..
Kazakhstan,KAZ,"Merchandise exports by the reporting economy, residual (% of total merchandise exports)",TX.VAL.MRCH.RS.ZS,3.06601594975412E-05,1.65348810481271E-05,4.9652874686557E-05,0.00582939067791125,0.000247472166809713,0.00104538272837489,7.41914254997608E-07,0,0,0,1.25253054749917E-15,0,..,..
Kazakhstan,KAZ,Merchandise exports to economies in the Arab World (% of total merchandise exports),TX.VAL.MRCH.AL.ZS,0.488406528591098,0.210003952260324,0.287115478680355,0.227835470463003,1.18099527457871,1.5284234483297,1.28417343876913,1.23869096824581,0.451381302152568,0.660783228460756,1.13319990381203,0.647030765118218,..,..
Kazakhstan,KAZ,Merchandise exports to high-income economies (% of total merchandise exports),TX.VAL.MRCH.HI.ZS,70.416136957714,71.6913835557941,75.6581580179288,74.8399142364995,73.2289123393549,73.1849850322249,75.4768249732694,68.4326348920065,65.0412310862475,70.3587316515681,69.803117857205,64.6182832758983,..,..
Kazakhstan,KAZ,Merchandise exports to low- and middle-income economies in East Asia & Pacific (% of total merchandise exports),TX.VAL.MRCH.R1.ZS,17.9642744184711,17.4452901804594,12.4383808478202,12.1164013510304,12.1994917305615,12.7363133636002,11.5114703238004,14.9063097127877,16.6520946761348,13.1798861785936,14.1182522023564,19.3652632484017,..,..
Kazakhstan,KAZ,Merchandise exports to low- and middle-income economies in Europe & Central Asia (% of total merchandise exports),TX.VAL.MRCH.R2.ZS,9.92991335921809,9.2629483619906,8.71980660735439,10.2061922315659,10.2511780541373,9.93558981054374,9.0809482391512,12.0667229117069,11.2935579636099,11.201371917342,10.9541353963529,13.2057249931907,..,..
Kazakhstan,KAZ,Merchandise exports to low- and middle-income economies in Latin America & the Caribbean (% of total merchandise exports),TX.VAL.MRCH.R3.ZS,0.077698842681591,0.0442670978200159,0.0831704119285919,0.141216192776042,0.0783459457007904,0.0732385720727707,0.107495468391893,0.115261466834692,0.158855391628015,0.224021700470092,0.151167735461134,0.0696553204418864,..,..
Kazakhstan,KAZ,Merchandise exports to low- and middle-income economies in Middle East & North Africa (% of total merchandise exports),TX.VAL.MRCH.R4.ZS,0.939683203045943,0.821972203269751,1.28458714708773,1.34397320179705,1.73349548829311,1.33522759753947,1.28085586860731,0.965312589291997,0.642483644866736,1.00505504565291,1.17828326723921,0.462676135672335,..,..
Kazakhstan,KAZ,Merchandise exports to low- and middle-income economies in South Asia (% of total merchandise exports),TX.VAL.MRCH.R5.ZS,0.571120633603846,0.712448419814667,1.78826376523448,1.29445668725645,2.46444974802205,2.70549688959158,2.47179543248539,3.4316177444634,6.16846991667857,3.93430907671388,3.70026499814914,1.37640103928085,..,..
Kazakhstan,KAZ,Merchandise exports to low- and middle-income economies in Sub-Saharan Africa (% of total merchandise exports),TX.VAL.MRCH.R6.ZS,0.10114192510592,0.0216736459703838,0.0275835497710767,0.0520167083967757,0.0438792217634483,0.0281033516989605,0.0706089523801455,0.0821406829087594,0.0433073208345503,0.0966244296594404,0.094778543236216,0.901995987114203,..,..
Kazakhstan,KAZ,Merchandise exports to low- and middle-income economies outside region (% of total merchandise exports),TX.VAL.MRCH.OR.ZS,19.6539190229085,19.0456515473343,15.6219857218421,14.9480641412567,16.5196621343409,16.878379774503,15.4422260456652,19.5006421962865,23.6652109501427,18.4398964310899,19.2427467464421,22.175991730911,..,..
Kazakhstan,KAZ,Merchandise exports to low- and middle-income economies within region (% of total merchandise exports),TX.VAL.MRCH.WR.ZS,9.92991335921809,9.2629483619906,8.71980660735439,10.2061922315659,10.2511780541373,9.93558981054374,9.0809482391512,12.0667229117069,11.2935579636099,11.201371917342,10.9541353963529,13.2057249931907,..,..
Kazakhstan,KAZ,Merchandise imports (current US$),TM.VAL.MRCH.CD.WT,46358000000,48806000000,41296000000,30568000000,24995000000,29266000000,32534000000,37757000000,37222000000,41171000000,50934000000,60655000000,59133000000,..
Kazakhstan,KAZ,Merchandise imports by the reporting economy (current US$),TM.VAL.MRCH.WL.CD,44537819001,49072549285,41485656078,30566685023,25376635648,29139108756,32270564543,38356647385,22157904646,27751605586,30952045395,61160395122,..,..
Kazakhstan,KAZ,"Merchandise imports by the reporting economy, residual (% of total merchandise imports)",TM.VAL.MRCH.RS.ZS,2.28188093354365E-05,3.67741237394843E-05,4.1713212796885E-05,5.04143644899821E-06,1.46000441169277E-05,3.93903605498455E-05,6.62523271680342E-06,1.73633527799004E-06,8.30403429973921E-06,0,1.08167326497293E-05,1.30607396895751E-05,..,..
Kazakhstan,KAZ,Merchandise imports from economies in the Arab World (% of total merchandise imports),TM.VAL.MRCH.AL.ZS,0.377996659414822,0.3131551187763,0.364232986254088,0.424780550793455,0.410377988810379,0.543039052172169,0.524838001437253,0.510363489371479,0.486133236517223,0.49741011406431,0.561316222507433,0.524671647983798,..,..
Kazakhstan,KAZ,Merchandise imports from high-income economies (% of total merchandise imports),TM.VAL.MRCH.HI.ZS,66.3279235706102,67.9411423754811,66.0665316066548,68.2886626904213,70.1256111402715,68.3310263149354,68.7723269589161,69.8653059768717,76.3538861697112,75.9808937059747,71.0464616550101,52.3573094224197,..,..
Kazakhstan,KAZ,Merchandise imports from low- and middle-income economies in East Asia & Pacific (% of total merchandise imports),TM.VAL.MRCH.R1.ZS,17.7627028724114,17.8730189113712,19.3365420687032,17.9978236595185,15.9590166016321,17.945954434599,18.7489140542861,19.3192022353285,9.48366583200071,9.33149611100847,12.2334612613733,30.0322270357487,..,..
Kazakhstan,KAZ,Merchandise imports from low- and middle-income economies in Europe & Central Asia (% of total merchandise imports),TM.VAL.MRCH.R2.ZS,13.3337576563115,11.491005939493,11.7652237868027,10.9444617677147,10.8194549548824,10.8577442209811,9.74968500723821,8.10726013873697,10.976857468511,11.4258519968287,12.4708429919256,9.20484604909777,..,..
Kazakhstan,KAZ,Merchandise imports from low- and middle-income economies in Latin America & the Caribbean (% of total merchandise imports),TM.VAL.MRCH.R3.ZS,1.10087142567307,1.13349249856482,1.239856756834,0.968400534036543,1.21129396451033,1.00132858023642,0.800397804184147,0.979443034291147,0.401574771719505,1.09858903138131,1.51983661175423,1.45456289846629,..,..
Kazakhstan,KAZ,Merchandise imports from low- and middle-income economies in Middle East & North Africa (% of total merchandise imports),TM.VAL.MRCH.R4.ZS,0.260726734278104,0.296591654847018,0.39217810294262,0.392943110807152,0.294479950126445,0.453361913386587,0.53720390533919,0.473655862506504,0.858090063287296,0.862618878962328,1.06737768630104,0.65170406797556,..,..
Kazakhstan,KAZ,Merchandise imports from low- and middle-income economies in South Asia (% of total merchandise imports),TM.VAL.MRCH.R5.ZS,0.872783557253381,0.875469455448324,0.83903791311761,1.07296828149084,1.06525570114849,0.99135187496261,1.01580603761426,0.936394368347373,1.45534585581049,0.964323181845036,1.23807587223914,1.22390451779593,..,..
Kazakhstan,KAZ,Merchandise imports from low- and middle-income economies in Sub-Saharan Africa (% of total merchandise imports),TM.VAL.MRCH.R6.ZS,0.341211364653011,0.389242390670717,0.360588051732245,0.334734914574515,0.524873087384606,0.419193270538339,0.37565960718929,0.318736647582527,0.470571534925451,0.336227093999461,0.42393310466389,5.07543294775642,..,..
Kazakhstan,KAZ,Merchandise imports from low- and middle-income economies outside region (% of total merchandise imports),TM.VAL.MRCH.OR.ZS,20.3382959542689,20.5678149109021,22.1682028933297,20.7668705004276,19.0549193048019,20.8111900737229,21.477981408613,22.0274321480561,12.6692480577434,12.5932542971966,16.4826845363316,38.4378314677429,..,..
Kazakhstan,KAZ,Merchandise imports from low- and middle-income economies within region (% of total merchandise imports),TM.VAL.MRCH.WR.ZS,13.3337576563115,11.491005939493,11.7652237868027,10.9444617677147,10.8194549548824,10.8577442209811,9.74968500723821,8.10726013873697,10.976857468511,11.4258519968287,12.4708429919256,9.20484604909777,..,..
Kazakhstan,KAZ,Merchandise trade (% of GDP),TG.VAL.TOTL.GD.ZS,63.849958547404,56.4186294297786,54.538159273909,41.5015250671522,44.9306197527631,46.5031822608639,52.1300388256713,52.3297589909479,48.9056832822689,51.6436686363141,60.1016436257724,53.1576330121207,48.5809889436271,..
Kazakhstan,KAZ,Methane (CH4) emissions (total) excluding LULUCF (% change from 1990),EN.GHG.CH4.ZG.AR5,-31.9591754299915,-31.5958889417149,-31.0470704381892,-37.3636891642529,-35.1746873616193,-30.6918123805928,-28.0090620911302,-28.0241153986555,-27.1162755106521,-24.0216918161439,-21.749771377892,-27.2888867702752,-28.176906470037,..
Kazakhstan,KAZ,Methane (CH4) emissions (total) excluding LULUCF (Mt CO2e),EN.GHG.CH4.MT.CE.AR5,54.2399,54.5295,54.967,49.9316,51.6766,55.2502,57.3888,57.3768,58.1005,60.5674,62.3785,57.9629,57.255,..
Kazakhstan,KAZ,Methane (CH4) emissions from Agriculture (Mt CO2e),EN.GHG.CH4.AG.MT.CE.AR5,18.6576,18.7347,19.2694,20.4084,21.0828,22.0516,23.1242,23.9794,25.2396,26.3572,27.4674,22.0829,22.3279,..
Kazakhstan,KAZ,Methane (CH4) emissions from Building (Energy) (Mt CO2e),EN.GHG.CH4.BU.MT.CE.AR5,0.6711,0.5608,1.0551,1.0215,1.1543,1.4307,1.5056,1.5238,1.4116,1.4601,1.3757,1.5167,1.4909,..
Kazakhstan,KAZ,Methane (CH4) emissions from Fugitive Emissions (Energy) (Mt CO2e),EN.GHG.CH4.FE.MT.CE.AR5,30.8808,31.0967,30.4123,24.2206,25.085,27.3719,28.265,27.2973,26.7571,27.9863,28.9228,29.7753,28.907,..
Kazakhstan,KAZ,Methane (CH4) emissions from Industrial Combustion (Energy) (Mt CO2e),EN.GHG.CH4.IC.MT.CE.AR5,0.1397,0.1334,0.0984,0.0701,0.0751,0.066,0.0638,0.0581,0.0573,0.0579,0.0558,0.052,0.0514,..
Kazakhstan,KAZ,Methane (CH4) emissions from Industrial Processes (Mt CO2e),EN.GHG.CH4.IP.MT.CE.AR5,0.0642,0.0627,0.065,0.064,0.0677,0.0708,0.0737,0.0786,0.0801,0.0756,0.0757,0.071,0.0675,..
Kazakhstan,KAZ,Methane (CH4) emissions from Power Industry (Energy) (Mt CO2e),EN.GHG.CH4.PI.MT.CE.AR5,0.0249,0.0268,0.032,0.0278,0.0304,0.034,0.0349,0.0344,0.0344,0.0401,0.0444,0.0451,0.0467,..
Kazakhstan,KAZ,Methane (CH4) emissions from Transport (Energy) (Mt CO2e),EN.GHG.CH4.TR.MT.CE.AR5,0.0947,0.0899,0.1051,0.1021,0.0973,0.0913,0.1013,0.0948,0.1267,0.1227,0.1156,0.1374,0.1425,..
Kazakhstan,KAZ,Methane (CH4) emissions from Waste (Mt CO2e),EN.GHG.CH4.WA.MT.CE.AR5,3.7069,3.8245,3.9297,4.0171,4.084,4.1338,4.2204,4.3105,4.3938,4.4676,4.3212,4.2826,4.2211,..
Kazakhstan,KAZ,Military expenditure (% of GDP),MS.MIL.XPND.GD.ZS,1.04690637071706,1.07808460394627,1.0416921334727,1.1097215472116,0.933551765285713,0.831894968007788,0.835625758457601,1.02091636689134,0.907188676192723,0.819281683646492,0.517435849596282,0.440775673081948,0.42842846956594,..
Kazakhstan,KAZ,Military expenditure (% of general government expenditure),MS.MIL.XPND.ZS,4.77777251328491,5.44249778815263,4.89972109644685,4.85223879431759,4.3397455671998,3.45357776915099,4.43382132433054,5.04193957314935,3.69587320684527,3.71225420618695,2.38256392046873,1.90192742465647,1.93861279757481,..
Kazakhstan,KAZ,Military expenditure (current LCU),MS.MIL.XPND.CN,324700000000,388100000000,413300000000,453700000000,438500000000,452375000000,516580000000,709870000000,640920000000,687800000000,536920000000,531404000000,567754299000,..
Kazakhstan,KAZ,Military expenditure (current USD),MS.MIL.XPND.CD,2177543205.48846,2551124374.70831,2306468864.80956,2046197674.3312,1281103431.97917,1390619095.25397,1498378532.70773,1853499708.86892,1548175774.90918,1617793374.99735,1163053994.27914,1164302584.93385,1208967905.89819,..
Kazakhstan,KAZ,Mineral rents (% of GDP),NY.GDP.MINR.RT.ZS,3.49247252521626,3.04684100006285,2.47636119751539,1.33376288147232,2.72063883063599,3.5307844520862,3.37110742964987,3.00499256400792,4.69879472720512,9.09697695478789,..,..,..,..
Kazakhstan,KAZ,Mobile cellular subscriptions,IT.CEL.SETS,30235400,30364900,28595600,26309300,25534800,26693300,26065600,25717700,24293900,24471000,25171800,25842566,26170100,..
Kazakhstan,KAZ,Mobile cellular subscriptions (per 100 people),IT.CEL.SETS.P2,174.709434924298,172.955295992334,160.502596360577,145.482493555551,139.051166437953,143.112796203246,137.674831523214,133.879728083238,124.698460644703,123.943942754522,125.641583521795,127.114775212168,127.085151242164,..
Kazakhstan,KAZ,Monetary Sector credit to private sector (% GDP),FM.AST.PRVT.GD.ZS,35.8835407287059,34.8667122893142,33.5266421093317,34.0086576212836,29.6280331891068,25.8353387258831,22.6713170773168,21.2620440294876,22.0439771514752,23.0838854812863,22.6944769262993,24.147978628211,25.5311219800302,..
Kazakhstan,KAZ,"Mortality caused by road traffic injury (per 100,000 population)",SH.STA.TRAF.P5,23.6,22.8,19.3,18.4,17.7,13.9,13.8,12.7,..,..,..,..,..,..
Kazakhstan,KAZ,"Mortality from CVD, cancer, diabetes or CRD between exact ages 30 and 70 (%)",SH.DYN.NCOM.ZS,29.2,27.1,26.1,25.5,25.1,24,24,23.8,23.2,21.2,..,..,..,..
Kazakhstan,KAZ,"Mortality from CVD, cancer, diabetes or CRD between exact ages 30 and 70, female (%)",SH.DYN.NCOM.FE.ZS,20.2,18.5,17.9,17.4,17.2,16.5,16.3,16,15.8,15.4,..,..,..,..
Kazakhstan,KAZ,"Mortality from CVD, cancer, diabetes or CRD between exact ages 30 and 70, male (%)",SH.DYN.NCOM.MA.ZS,40,37.6,36.2,35.4,35,33.3,33.3,33.1,31.8,28,..,..,..,..
Kazakhstan,KAZ,"Mortality rate attributed to household and ambient air pollution, age-standardized (per 100,000 population)",SH.STA.AIRP.P5,..,..,..,..,..,..,..,83.4,..,..,..,..,..,..
Kazakhstan,KAZ,"Mortality rate attributed to household and ambient air pollution, age-standardized, female (per 100,000 female population)",SH.STA.AIRP.FE.P5,..,..,..,..,..,..,..,65.3,..,..,..,..,..,..
Kazakhstan,KAZ,"Mortality rate attributed to household and ambient air pollution, age-standardized, male (per 100,000 male population)",SH.STA.AIRP.MA.P5,..,..,..,..,..,..,..,110.4,..,..,..,..,..,..
Kazakhstan,KAZ,"Mortality rate attributed to unintentional poisoning (per 100,000 population)",SH.STA.POIS.P5,2.85,2.69,2.58,2.33,2.05,1.82,1.77,1.76,1.62,1.42,..,..,..,..
Kazakhstan,KAZ,"Mortality rate attributed to unintentional poisoning, female (per 100,000 female population)",SH.STA.POIS.P5.FE,1.62,1.47,1.46,1.38,1.23,1.1,1.07,1.04,0.99,0.92,..,..,..,..
Kazakhstan,KAZ,"Mortality rate attributed to unintentional poisoning, male (per 100,000 male population)",SH.STA.POIS.P5.MA,4.19,4.01,3.8,3.37,2.94,2.6,2.53,2.52,2.3,1.95,..,..,..,..
Kazakhstan,KAZ,"Mortality rate attributed to unsafe water, unsafe sanitation and lack of hygiene (per 100,000 population)",SH.STA.WASH.P5,..,..,..,..,..,..,..,3.2,..,..,..,..,..,..
Kazakhstan,KAZ,"Mortality rate, adult, female (per 1,000 female adults)",SP.DYN.AMRT.FE,124.576,118.31,112.546,107.306,102.59,98.389,94.693,91.488,114.047,120.955,95.23,82.152,87.931,..
Kazakhstan,KAZ,"Mortality rate, adult, male (per 1,000 male adults)",SP.DYN.AMRT.MA,308.476,290.36,274.538,260.95,249.331,239.429,231.022,223.888,258.227,263.563,227.435,205.609,212.972,..
Kazakhstan,KAZ,"Mortality rate, infant (per 1,000 live births)",SP.DYN.IMRT.IN,13.3,11.7,10.5,9.5,8.8,8.4,8.2,8.1,8,7.9,7.7,7.6,7.4,..
Kazakhstan,KAZ,"Mortality rate, infant, female (per 1,000 live births)",SP.DYN.IMRT.FE.IN,11.3,10,9,8.2,7.6,7.3,7.1,7,6.9,6.8,6.7,6.6,6.5,..
Kazakhstan,KAZ,"Mortality rate, infant, male (per 1,000 live births)",SP.DYN.IMRT.MA.IN,15.1,13.3,11.9,10.8,10,9.5,9.2,9.1,9,8.9,8.7,8.5,8.3,..
Kazakhstan,KAZ,"Mortality rate, neonatal (per 1,000 live births)",SH.DYN.NMRT,8.7,7.3,6.2,5.5,5,4.8,4.7,4.7,4.8,4.8,4.6,4.3,3.9,..
Kazakhstan,KAZ,"Mortality rate, under-5 (per 1,000 live births)",SH.DYN.MORT,16.3,14.5,13,11.9,11,10.5,10.3,10.2,10.1,10,9.8,9.6,9.4,..
Kazakhstan,KAZ,"Mortality rate, under-5, female (per 1,000 live births)",SH.DYN.MORT.FE,14.1,12.6,11.3,10.3,9.6,9.2,9,8.9,8.9,8.7,8.6,8.5,8.3,..
Kazakhstan,KAZ,"Mortality rate, under-5, male (per 1,000 live births)",SH.DYN.MORT.MA,18.5,16.4,14.7,13.3,12.4,11.8,11.5,11.4,11.3,11.2,11,10.8,10.5,..
Kazakhstan,KAZ,Multidimensional poverty headcount ratio (UNDP) (% of population),SI.POV.MPUN,..,..,..,0.5,..,..,..,..,..,..,..,..,..,..
Kazakhstan,KAZ,Multidimensional poverty headcount ratio (World Bank) (% of population),SI.POV.MPWB,0.2,0.1,0.1,0.1,0.2,0.1,0.1,..,..,..,..,..,..,..
Kazakhstan,KAZ,Multilateral debt service (% of public and publicly guaranteed debt service),DT.TDS.MLAT.PG.ZS,75.9764672551291,71.860317137602,46.1347968562752,26.1924856828416,27.0496701898756,25.8909981193704,33.2233214209459,31.0535355613502,32.1362343532448,16.5888605099779,11.7425390497549,20.6684837129258,30.5016830877019,..
Kazakhstan,KAZ,"Multilateral debt service (TDS, current US$)",DT.TDS.MLAT.CD,250590326.6,409722796.8,452027523.3,330349857.1,461594607,642530307.6,722096484.3,1198811610.9,1415123960.5,500464800.4,895169517.2,1292695007.8,1693455380.3,..
Kazakhstan,KAZ,Natural gas rents (% of GDP),NY.GDP.NGAS.RT.ZS,1.20333132239427,1.0538090594977,0.80881514404493,0.789640342060327,0.670873241173054,0.86064865819105,1.38519233067748,0.925016309467418,0.43856903709156,2.04396250834782,..,..,..,..
Kazakhstan,KAZ,Net acquisition of financial assets (% of GDP),GC.AST.TOTL.GD.ZS,8.40189744234413,6.71956864047407,5.54088592670855,0.248877495005715,-1.50142644353696,0.439916940618519,2.43844634252615,0.833159204795588,-3.33482544390317,-1.53156553465661,3.31968542928811,1.19143365653838,..,..
Kazakhstan,KAZ,Net acquisition of financial assets (current LCU),GC.AST.TOTL.CN,2605864169683.66,2418979201495.99,2198392641460.5,101751407558.47,-705237266933.413,239221807577.055,1507436224312.42,579317478020.886,-2356021935025.2,-1285773586073.35,3444688788310.7,1423075639625.87,..,..
Kazakhstan,KAZ,Net barter terms of trade index (2015 = 100),TT.PRI.MRCH.XD.WD,155.2,154.4,145.5,100,89.1,101.8,114.9,106.5,85.9,120.9,144.4,124.6,..,..
Kazakhstan,KAZ,"Net bilateral aid flows from DAC donors, Australia (current US$)",DC.DAC.AUSL.CD,..,140000.000596046,..,..,..,..,18046.9993501902,..,..,..,..,..,..,..
Kazakhstan,KAZ,"Net bilateral aid flows from DAC donors, Austria (current US$)",DC.DAC.AUTL.CD,786409.974098206,885149.002075195,1230941.0572052,1760494.94743347,2046566.00952148,2601682.90138245,3118081.09283447,2889039.99328613,2936252.11715698,3409910.9172821,3520687.10327148,4129136.08551025,..,..
Kazakhstan,KAZ,"Net bilateral aid flows from DAC donors, Belgium (current US$)",DC.DAC.BELL.CD,..,9999.99977648258,..,9407.99992531538,199.000001884997,..,4720.99985927343,13433.0000728369,13674.9995872378,4730.00016063452,..,..,..,..
Kazakhstan,KAZ,"Net bilateral aid flows from DAC donors, Canada (current US$)",DC.DAC.CANL.CD,59937.9986524582,76857.0005893707,101838.000118732,102784.998714924,105175.003409386,157730.996608734,17797.0007061958,64942.0022964478,308730.989694595,173262.000083923,139464.005827904,105757.996439934,..,..
Kazakhstan,KAZ,"Net bilateral aid flows from DAC donors, Czechia (current US$)",DC.DAC.CZEL.CD,340000.003576279,299044.013023376,36502.9983222485,43905.0011336803,114984.99661684,27608.9999824762,15931.9993108511,17291.0001128912,..,..,21268.0008262396,16534.0006351471,..,..
Kazakhstan,KAZ,"Net bilateral aid flows from DAC donors, Denmark (current US$)",DC.DAC.DNKL.CD,..,..,..,..,..,..,..,..,..,..,..,..,..,..
Kazakhstan,KAZ,"Net bilateral aid flows from DAC donors, Estonia (current US$)",DC.DAC.ESTL.CD,..,..,..,3327.99996249378,5528.99995818734,..,..,34703.0013799667,1139.9999493733,..,..,..,..,..
Kazakhstan,KAZ,"Net bilateral aid flows from DAC donors, European Union institutions (current US$)",DC.DAC.CECL.CD,11960000.038147,14213184.3566895,12207876.2054443,14235939.9795532,10360985.7559204,12065674.7817993,4258042.81234741,2555144.07157898,983646.988868713,1674409.03186798,661300.003528595,3434990.88287354,..,..
Kazakhstan,KAZ,"Net bilateral aid flows from DAC donors, Finland (current US$)",DC.DAC.FINL.CD,355345.010757446,184706.002473831,75007.9974532127,53808.9983165264,5572.00005277991,..,47759.0002119541,23290.0008559227,..,35477.9995977879,14903.9998650551,46305.0007820129,..,..
Kazakhstan,KAZ,"Net bilateral aid flows from DAC donors, France (current US$)",DC.DAC.FRAL.CD,3279999.97138977,4079999.92370605,4820000.17166138,5236074.92446899,4184227.94342041,4293923.85482788,4178114.89105225,3349740.02838135,3756867.8855896,3534749.98474121,3966479.06303406,5266115.18859863,..,..
Kazakhstan,KAZ,"Net bilateral aid flows from DAC donors, Germany (current US$)",DC.DAC.DEUL.CD,13980813.9801025,-25323024.7497559,12869518.2800293,12383370.3994751,13858266.8304443,16680437.0880127,16443267.8222656,12971174.2401123,20189910.8886719,3825974.94125366,13215373.9929199,14535578.7277222,..,..
Kazakhstan,KAZ,"Net bilateral aid flows from DAC donors, Greece (current US$)",DC.DAC.GRCL.CD,150000.005960464,46229.001134634,50057.0014119148,53762.000054121,4887.99996674061,4982.99999162555,1714.00001272559,232.000005780719,1476.99995432049,..,..,..,..,..
Kazakhstan,KAZ,"Net bilateral aid flows from DAC donors, Hungary (current US$)",DC.DAC.HUNL.CD,29999.9993294477,289999.99165535,160336.002707481,398564.010858536,612936.973571777,627273.976802826,2248918.05648804,3974733.11424255,4430283.0696106,4899538.99383545,10899109.8403931,4312003.13568115,..,..
Kazakhstan,KAZ,"Net bilateral aid flows from DAC donors, Iceland (current US$)",DC.DAC.ISLL.CD,..,..,..,..,..,..,88575.9964585304,36180.9991300106,7660.99989414215,184320.002794266,13857.9998165369,..,..,..
Kazakhstan,KAZ,"Net bilateral aid flows from DAC donors, Ireland (current US$)",DC.DAC.IRLL.CD,39999.9991059303,..,..,..,..,..,..,..,37985.9991371632,..,..,4873.9998601377,..,..
Kazakhstan,KAZ,"Net bilateral aid flows from DAC donors, Italy (current US$)",DC.DAC.ITAL.CD,..,39999.9991059303,150000.005960464,58421.9992160797,61108.9989542961,43274.998664856,297048.985958099,154692.992568016,254931.98633194,245037.004351616,1629451.99012756,4196116.92428589,..,..
Kazakhstan,KAZ,"Net bilateral aid flows from DAC donors, Japan (current US$)",DC.DAC.JPNL.CD,-15930000.3051758,-6320000.17166138,-36750000,-33229999.5422363,-35880001.0681152,-38983394.6228027,-40104019.1650391,-40381763.458252,-41218837.7380371,-33221282.9589844,-29665536.8804932,-27893421.1730957,..,..
Kazakhstan,KAZ,"Net bilateral aid flows from DAC donors, Korea, Rep. (current US$)",DC.DAC.KORL.CD,349999.994039536,-212656.006217003,119116.000831127,-7147208.21380615,2708878.04031372,1878734.94625092,1274857.99789429,1906844.97356415,2616852.99873352,2107683.89701843,2997941.01715088,2316893.10073853,..,..
Kazakhstan,KAZ,"Net bilateral aid flows from DAC donors, Lithuania (current US$)",DC.DAC.LTUL.CD,29999.9993294477,9999.99977648258,13861.9998469949,24194.0002888441,11603.9998829365,30121.0004836321,35388.9986872673,152398.005127907,87366.9981956482,183009.997010231,132873.997092247,216546.99742794,..,..
Kazakhstan,KAZ,"Net bilateral aid flows from DAC donors, Luxembourg (current US$)",DC.DAC.LUXL.CD,..,..,..,..,31238.9992177486,44225.9982228279,100229.002535343,74176.9969463348,57523.000985384,42578.000575304,22288.0002111197,18905.0007611513,..,..
Kazakhstan,KAZ,"Net bilateral aid flows from DAC donors, Netherlands (current US$)",DC.DAC.NLDL.CD,443612.992763519,535104.990005493,587589.025497437,436751.991510391,503235.995769501,460447.996854782,737269.997596741,666900.992393494,438042.998313904,446855.008602142,378024.995326996,379846.006631851,..,..
Kazakhstan,KAZ,"Net bilateral aid flows from DAC donors, New Zealand (current US$)",DC.DAC.NZLL.CD,..,..,..,..,..,..,..,..,..,..,..,..,..,..
Kazakhstan,KAZ,"Net bilateral aid flows from DAC donors, Norway (current US$)",DC.DAC.NORL.CD,2371783.9717865,1857929.94499207,620788.991451263,91918.9974665642,..,18353.0002832413,..,..,10099.0002974868,..,..,..,..,..
Kazakhstan,KAZ,"Net bilateral aid flows from DAC donors, Poland (current US$)",DC.DAC.POLL.CD,1620000.00476837,1419999.95708466,1220000.02861023,1081557.98912048,850196.003913879,1707793.95103455,1192324.04232025,1833791.97120667,2332248.92616272,1913733.00552368,1727116.9424057,1766459.94186401,..,..
Kazakhstan,KAZ,"Net bilateral aid flows from DAC donors, Portugal (current US$)",DC.DAC.PRTL.CD,..,..,..,5675.99991336465,..,5001.99990347028,590.000010561198,..,844.000023789704,..,8104.99954968691,2703.00009287894,..,..
Kazakhstan,KAZ,"Net bilateral aid flows from DAC donors, Slovak Republic (current US$)",DC.DAC.SVKL.CD,39999.9991059303,90000.0035762787,19999.9995529652,9999.99977648258,..,7890.00000804663,4660.00009328127,6659.99995544553,..,..,..,3330715.8946991,..,..
Kazakhstan,KAZ,"Net bilateral aid flows from DAC donors, Slovenia (current US$)",DC.DAC.SVNL.CD,..,..,..,3174.99996162951,4381.99983909726,111307.002604008,..,..,..,..,..,..,..,..
Kazakhstan,KAZ,"Net bilateral aid flows from DAC donors, Spain (current US$)",DC.DAC.ESPL.CD,..,19999.9995529652,12153.9998799562,12350.9997501969,-3650557.99484253,-3653985.97717285,-3609795.09353638,-3606901.88407898,-3633831.97784424,56772.9994654655,61551.9993007183,64602.0025014877,..,..
Kazakhstan,KAZ,"Net bilateral aid flows from DAC donors, Sweden (current US$)",DC.DAC.SWEL.CD,50000.0007450581,40532.9987406731,70408.9999198914,23762.0007246733,75970.9998965263,130688.99512291,99788.0026698112,76915.0033593178,62625.9967684746,73453.00167799,308111.995458603,367817.014455795,..,..
Kazakhstan,KAZ,"Net bilateral aid flows from DAC donors, Switzerland (current US$)",DC.DAC.CHEL.CD,219999.998807907,270000.010728836,180000.007152557,118917.003273964,93202.0023465157,..,321815.013885498,364491.999149323,36759.0002715588,41948.0018317699,38555.9983551502,203115.999698639,..,..
Kazakhstan,KAZ,"Net bilateral aid flows from DAC donors, Total (current US$)",DC.DAC.TOTL.CD,47707902.893424,24918465.2697295,31230131.9995895,22753502.139356,14359911.0861542,19718367.763795,11990840.2535947,6664280.392797,11432210.0806749,7692932.26208537,26492799.4823083,34611368.0449781,..,..
Kazakhstan,KAZ,"Net bilateral aid flows from DAC donors, United Kingdom (current US$)",DC.DAC.GBRL.CD,5219999.79019165,2795409.91783142,2934135.91384888,8289042.47283936,4703293.800354,1525223.01673889,2429840.08789063,3577470.06416321,3615169.04830933,2694302.08206177,2101492.8817749,1837177.03819275,..,..
Kazakhstan,KAZ,"Net bilateral aid flows from DAC donors, United States (current US$)",DC.DAC.USAL.CD,22309999.4659424,29459999.0844727,30469999.3133545,18666004.1809082,13534259.7961426,19915660.8581543,18705230.7128906,15862992.2866821,14075244.9035645,15332070.350647,14262052.5360107,15798454.284668,..,..
Kazakhstan,KAZ,"Net capital account (BoP, current US$)",BN.TRF.KOGT.CD,15442077.7969999,-6411075.83799998,29342090.101,131679499.565,269515230.151,346849502.281,250977690.541,231079603.993,239179634.509,233410665.573,247740983.683,1284167305.913,-97366670.95,..
Kazakhstan,KAZ,Net domestic credit (current LCU),FM.AST.DOMS.CN,12481926234641.5,13785630722047.5,14307465823324,17601229952902.2,18364187042404.4,18205046573206,18673596336494,21171631347378.5,24493594518522.6,30269479863807.5,34768075532311.1,42736209110041.2,49987690668588.3,..
Kazakhstan,KAZ,"Net errors and omissions (BoP, current US$)",BN.KAC.EOMS.CD,-1463314978.09194,-6627769315.47703,373417481.686157,-575550641.962288,-1273774716.19975,-3808862962.66023,2678805531.2738,1495262635.09956,-6361732245.1614,-4628309419.10048,-1145702405.22439,373548690.006939,3233563146.77505,..
Kazakhstan,KAZ,"Net financial account (BoP, current US$)",BN.FIN.TOTL.CD,1180727783.42339,-2106962105.86196,-2449900872.99818,-10423398053.3361,-7968821732.34132,-6888700135.57397,1164034739.0848,-5301311258.30058,-17177588132.3756,-7074357436.17209,5538441196.48108,-7657753695.11866,-4799298601.84667,..
Kazakhstan,KAZ,"Net financial flows, bilateral (NFL, current US$)",DT.NFL.BLAT.CD,-30131251.2,-17084343.1,-48120331.9,-43853218.6,211515846.3,600075332.7,289851220,-116811391.9,185461531.6,241512320.6,-17369222.5,27684074.2,106468819.7,..
Kazakhstan,KAZ,"Net financial flows, IBRD (NFL, current US$)",DT.NFL.MIBR.CD,333039000,455974000,332298000,-167897000,1052714000,-128128000,-207602000,-175484000,-186545000,-151709000,109182000,-206784000,469994000,..
Kazakhstan,KAZ,"Net financial flows, IDA (NFL, current US$)",DT.NFL.MIDA.CD,..,..,..,..,..,..,..,..,..,..,..,..,..,..
Kazakhstan,KAZ,"Net financial flows, IMF concessional (NFL, current US$)",DT.NFL.IMFC.CD,..,..,..,..,..,..,..,..,..,..,..,..,..,..
Kazakhstan,KAZ,"Net financial flows, IMF nonconcessional (NFL, current US$)",DT.NFL.IMFN.CD,..,..,..,..,..,..,..,..,..,..,0,..,..,..
Kazakhstan,KAZ,"Net financial flows, multilateral (NFL, current US$)",DT.NFL.MLAT.CD,539280000,457849000,465165000,1092578000,1082379000,-249891000,-280886000,-629147000,63717000,648033000,-59075000,-497224000,525562000,..
Kazakhstan,KAZ,"Net financial flows, others (NFL, current US$)",DT.NFL.MOTH.CD,37820132.1,4075955.1,-8604571.8,-12725857.1,-14130607,-11931307.6,-8932484.3,-9785980.8,-8910812.2,-5559516.4,-277153.4,434863.8,14564923.6,..
Kazakhstan,KAZ,"Net financial flows, RDB concessional (NFL, current US$)",DT.NFL.RDBC.CD,-207000,-357895,-332000,-299000,-321000,-320000,-639000,-648000,-664000,-642000,-539000,-544000,-130000,..
Kazakhstan,KAZ,"Net financial flows, RDB nonconcessional (NFL, current US$)",DT.NFL.RDBN.CD,168628000,-1843106.7,141804000,1273500000,44117000,-109512000,-63713000,-443229409.8,259837301.2,22865470.4,-167441048.4,-239235964.1,-205140438.2,..
Kazakhstan,KAZ,"Net flows on external debt, private nonguaranteed (PNG) (NFL, current US$)",DT.NFL.DPNG.CD,7737699000,12395945000,8380239000,-1720487000,11796049000,7145186000,1181770000,1925375000,6576091000,-6368786000,-3090265000,1506315000,-5319600000,..
Kazakhstan,KAZ,Net foreign assets (current LCU),FM.AST.NFRG.CN,5795336861422.19,6696952281084.9,7582014645896.25,9286308958585.49,10856765744905.5,11488701010845.9,13329218572253.7,13369832475989.5,16671065190610.1,17150301974583.8,17720119878957.7,17120027533990.8,24333831493385.6,..
Kazakhstan,KAZ,"Net incurrence of liabilities, total (% of GDP)",GC.LBL.TOTL.GD.ZS,2.54660479225032,1.81086161024566,2.2820020675103,2.66696130738292,2.10082609305797,3.55207965797937,1.11867461007335,1.71669860633683,3.34355094297968,2.90004480837938,2.4116028197507,2.37640000421938,..,..
Kazakhstan,KAZ,"Net incurrence of liabilities, total (current LCU)",GC.LBL.TOTL.CN,789834228280.98,651892525598.6,905403327079.93,1090364023970.74,986782175409.4,1931580346155.33,691559457771.85,1193665630074.89,2362186415764.63,2434633666446,2502412162840.13,2838426577470.52,..,..
Kazakhstan,KAZ,Net intake rate in grade 1 (% of official school-age population),SE.PRM.NINT.ZS,..,..,..,..,..,44.91038,47.07235,46.80753,..,..,..,..,..,..
Kazakhstan,KAZ,"Net intake rate in grade 1, female (% of official school-age population)",SE.PRM.NINT.FE.ZS,..,..,..,..,..,42.79534,45.71486,45.42711,..,..,..,..,..,..
Kazakhstan,KAZ,"Net intake rate in grade 1, male (% of official school-age population)",SE.PRM.NINT.MA.ZS,..,..,..,..,..,46.90429,48.35267,48.11075,..,..,..,..,..,..
Kazakhstan,KAZ,Net investment in nonfinancial assets (% of GDP),GC.NFN.TOTL.GD.ZS,1.25043966549706,1.40165325287073,1.23777016173299,1.01326754048825,0.767568062160944,0.680957280058574,0.503085221365555,0.328426663167858,0.431239470699848,0.401376265192239,0.612339301265109,0.598358511906173,..,..
Kazakhstan,KAZ,Net investment in nonfinancial assets (current LCU),GC.NFN.TOTL.CN,387826195574.33,504581506315.9,491095621055.24,414265654978.65,360535545829.71,370296791001.8,311004951545.1,228363685026.92,304666516826.24,336961748082.6,635397049100,714693107235.58,..,..
Kazakhstan,KAZ,Net lending (+) / net borrowing (-) (% of GDP),GC.NLD.TOTL.GD.ZS,5.8552347487832,4.90853081903579,3.25887449040554,-2.41808625318796,-2.89172346189005,-3.11216583438113,1.31985075763289,-0.88353940154198,-6.67841861297901,-4.43154397538739,0.908082609537433,-1.14466383663497,..,..
Kazakhstan,KAZ,Net lending (+) / net borrowing (-) (current LCU),GC.NLD.TOTL.CN,1816011983203.15,1767023241585.93,1292985597234.03,-988613614316.6,-1358275764869.57,-1692360233578.3,815925619540.54,-614348152054.52,-4718238183118.52,-3720351535824.5,942276625470.6,-1367212695844.68,..,..
Kazakhstan,KAZ,Net migration,SM.POP.NETM,-4512,-3925,-10170,-2011,9478,21248,-6644,2594,-8716,-9804,45755,-4822,-7368,-8834
Kazakhstan,KAZ,Net ODA provided to the least developed countries (% of GNI),DC.ODA.TLDC.GN.ZS,..,..,..,..,..,..,..,..,..,..,..,..,..,..
Kazakhstan,KAZ,"Net ODA provided, to the least developed countries (current US$)",DC.ODA.TLDC.CD,..,..,..,..,..,..,..,..,..,..,..,..,..,..
Kazakhstan,KAZ,"Net ODA provided, total (% of GNI)",DC.ODA.TOTL.GN.ZS,..,..,..,..,..,..,..,..,..,..,..,..,..,..
Kazakhstan,KAZ,"Net ODA provided, total (constant 2023 US$)",DC.ODA.TOTL.KD,..,..,..,..,..,..,..,..,..,..,..,..,..,..
Kazakhstan,KAZ,"Net ODA provided, total (current US$)",DC.ODA.TOTL.CD,..,..,..,..,..,..,..,..,..,..,..,..,..,..
Kazakhstan,KAZ,Net ODA received (% of central government expense),DT.ODA.ODAT.XP.ZS,0.401322583173409,0.26252844810034,0.273761435963753,0.286100537796621,0.280044484362444,0.187439473361531,0.303295901492746,0.187161107978218,0.260769135455537,0.173475835469162,0.20488914984541,0.17312215925383,..,..
Kazakhstan,KAZ,Net ODA received (% of GNI),DT.ODA.ODAT.GN.ZS,0.0733020031487019,0.0429132193839245,0.0466976843998416,0.0472883297918799,0.0507015506225212,0.0400162725148245,0.0508557549627264,0.0343576852707388,0.0481357718437708,0.0338465591518411,0.037345479918151,0.0336197721554263,..,..
Kazakhstan,KAZ,Net ODA received (% of gross capital formation),DT.ODA.ODAT.GI.ZS,0.251264144733873,0.15609828467623,0.162502922624275,0.15876785361225,0.164347359054394,0.135328787705211,0.176575414018037,0.108825904026223,0.152376309889833,0.111907954204924,0.132606948650251,0.107264153319691,..,..
Kazakhstan,KAZ,"Net ODA received (% of imports of goods, services and primary income)",DT.ODA.ODAT.MP.ZS,0.144565686220076,0.100042222206258,0.114256474445628,0.139035223117168,0.120379002712846,0.0963416170636887,0.111633285903006,0.0701131525322639,0.117820732705891,0.0770153936252087,0.0831501662295511,0.0767319591691143,..,..
Kazakhstan,KAZ,Net ODA received per capita (current US$),DT.ODA.ODAT.PC.ZS,7.61908657965593,5.1693575683138,5.20844129193547,4.51777943820556,3.41886810254208,3.18932695618712,4.22470888687961,2.84337559398947,3.85463542976662,2.96443314606791,3.72774503283644,3.88991077711231,..,..
Kazakhstan,KAZ,Net official aid received (constant 2023 US$),DT.ODA.OATL.KD,..,..,..,..,..,..,..,..,..,..,..,..,..,..
Kazakhstan,KAZ,Net official aid received (current US$),DT.ODA.OATL.CD,..,..,..,..,..,..,..,..,..,..,..,..,..,..
Kazakhstan,KAZ,Net official development assistance and official aid received (constant 2023 US$),DT.ODA.ALLD.KD,135164566.040039,89580871.5820313,99782554.6264648,99749916.0766602,82550880.4321289,78565109.2529297,101895942.687988,75778564.453125,98845359.8022461,73275817.8710938,86156005.859375,79082290.6494141,..,..
Kazakhstan,KAZ,Net official development assistance and official aid received (current US$),DT.ODA.ALLD.CD,131856719.970703,90755836.4868164,92795074.4628906,81700286.8652344,62782726.2878418,59487106.3232422,79985260.0097656,54619979.8583984,75096458.4350586,58528591.1560059,74683914.1845703,79082290.6494141,..,..
Kazakhstan,KAZ,Net official development assistance received (constant 2023 US$),DT.ODA.ODAT.KD,135164566.040039,89580871.5820313,99782554.6264648,99749916.0766602,82550880.4321289,78565109.2529297,101895942.687988,75778564.453125,98845359.8022461,73275817.8710938,86156005.859375,79082290.6494141,..,..
Kazakhstan,KAZ,Net official development assistance received (current US$),DT.ODA.ODAT.CD,131856719.970703,90755836.4868164,92795074.4628906,81700286.8652344,62782726.2878418,59487106.3232422,79985260.0097656,54619979.8583984,75096458.4350586,58528591.1560059,74683914.1845703,79082290.6494141,..,..
Kazakhstan,KAZ,"Net official flows from UN agencies, CERF (current US$)",DT.NFL.CERF.CD,..,..,..,..,..,..,..,..,..,..,..,..,..,..
Kazakhstan,KAZ,"Net official flows from UN agencies, FAO (current US$)",DT.NFL.FAOG.CD,..,112581.998109818,..,..,..,..,56000.0017285347,113935.001194477,124912.00119257,445450.007915497,150692.999362946,365543.007850647,..,..
Kazakhstan,KAZ,"Net official flows from UN agencies, IAEA (current US$)",DT.NFL.IAEA.CD,540000.021457672,620000.004768372,519999.980926514,322618.007659912,338596.999645233,357930.00459671,376520.991325378,230009.004473686,491392.999887466,147437.006235123,180704.9959898,448689.013719559,..,..
Kazakhstan,KAZ,"Net official flows from UN agencies, IFAD (current US$)",DT.NFL.IFAD.CD,..,..,..,..,..,..,..,..,..,..,..,..,..,..
Kazakhstan,KAZ,"Net official flows from UN agencies, ILO (current US$)",DT.NFL.ILOG.CD,208501.994609833,161571.994423866,91040.0003194809,78800.0002503395,111639.998853207,72729.9973368645,489542.990922928,613919.973373413,217618.003487587,508499.979972839,570592.999458313,950320.00541687,..,..
Kazakhstan,KAZ,"Net official flows from UN agencies, SDGFUND (current US$)",DT.NFL.SDGF.CD,..,..,..,..,..,..,..,..,..,497180.014848709,..,..,..,..
Kazakhstan,KAZ,"Net official flows from UN agencies, SPRP (current US$)",DT.NFL.SPRP.CD,..,..,..,..,..,..,..,..,..,995899.975299835,34823.9988088608,..,..,..
Kazakhstan,KAZ,"Net official flows from UN agencies, UNAIDS (current US$)",DT.NFL.UNAI.CD,685869.991779327,628645.002841949,593477.010726929,719533.026218414,785368.025302887,648299.992084503,70463.0017280579,670701.98059082,..,..,80899.9985456467,168770.000338554,..,..
Kazakhstan,KAZ,"Net official flows from UN agencies, UNCDF (current US$)",DT.NFL.UNCD.CD,..,..,..,..,..,..,..,..,..,..,..,..,..,..
Kazakhstan,KAZ,"Net official flows from UN agencies, UNCOVID (current US$)",DT.NFL.UNCV.CD,..,..,..,..,..,..,..,..,..,850000.023841858,-143205.001950264,..,..,..
Kazakhstan,KAZ,"Net official flows from UN agencies, UNCTAD (current US$)",DT.NFL.UNCTAD.CD,..,..,..,..,..,..,..,..,46190.0010704994,..,..,..,..,..
Kazakhstan,KAZ,"Net official flows from UN agencies, UNDP (current US$)",DT.NFL.UNDP.CD,508732.974529266,407631.009817123,391548.991203308,374906.003475189,275887.012481689,152674.004435539,152028.992772102,149969.99502182,532118.97611618,331777.006387711,590131.998062134,..,..,..
Kazakhstan,KAZ,"Net official flows from UN agencies, UNECE (current US$)",DT.NFL.UNEC.CD,..,..,10710.0000604987,-2000.0000949949,46100.0017821789,611899.971961975,..,..,..,..,..,..,..,..
Kazakhstan,KAZ,"Net official flows from UN agencies, UNEP (current US$)",DT.NFL.UNEP.CD,..,..,..,..,..,..,..,..,..,..,..,10999.9999403954,..,..
Kazakhstan,KAZ,"Net official flows from UN agencies, UNFPA (current US$)",DT.NFL.UNFP.CD,581686.973571777,649873.971939087,617830.991744995,598143.994808197,411145.985126495,494401.007890701,598599.970340729,1112198.94886017,1145959.97333527,1075675.96435547,1171980.02338409,1251489.9969101,..,..
Kazakhstan,KAZ,"Net official flows from UN agencies, UNHCR (current US$)",DT.NFL.UNCR.CD,..,1672381.04343414,..,221209.00452137,494419.008493423,1389009.95254517,..,..,1588055.01461029,187150.001525879,..,..,..,..
Kazakhstan,KAZ,"Net official flows from UN agencies, UNICEF (current US$)",DT.NFL.UNCF.CD,755567.014217377,1122997.04551697,1123800.9929657,1409085.98899841,874077.022075653,1273000.00190735,789054.989814758,925999.999046326,856000.006198883,1450000.04768372,882000.029087067,1233999.96757507,..,..
Kazakhstan,KAZ,"Net official flows from UN agencies, UNIDIR (current US$)",DT.NFL.UNID.CD,..,..,..,..,..,..,..,..,..,..,..,..,..,..
Kazakhstan,KAZ,"Net official flows from UN agencies, UNIDO (current US$)",DT.NFL.UNIDO.CD,..,..,..,..,..,..,..,..,..,..,..,..,..,..
Kazakhstan,KAZ,"Net official flows from UN agencies, UNPBF (current US$)",DT.NFL.UNPB.CD,..,..,..,..,..,..,..,..,..,..,..,..,..,..
Kazakhstan,KAZ,"Net official flows from UN agencies, UNRWA (current US$)",DT.NFL.UNRW.CD,..,..,..,..,..,..,..,..,..,..,..,..,..,..
Kazakhstan,KAZ,"Net official flows from UN agencies, UNTA (current US$)",DT.NFL.UNTA.CD,..,..,..,..,..,..,..,..,..,..,..,..,..,..
Kazakhstan,KAZ,"Net official flows from UN agencies, UNWOMEN (current US$)",DT.NFL.UNWN.CD,..,..,..,..,..,..,..,..,..,583814.978599548,551262.974739075,685326.993465424,..,..
Kazakhstan,KAZ,"Net official flows from UN agencies, UNWTO (current US$)",DT.NFL.UNWT.CD,..,..,..,..,..,..,..,..,..,..,..,..,..,..
Kazakhstan,KAZ,"Net official flows from UN agencies, WFP (current US$)",DT.NFL.WFPG.CD,..,..,..,..,..,..,..,..,..,..,..,..,..,..
Kazakhstan,KAZ,"Net official flows from UN agencies, WHO (current US$)",DT.NFL.WHOL.CD,..,..,375140.994787216,572602.987289429,782510.995864868,415073.990821838,1021600.00801086,642636.001110077,475111.991167068,511900.007724762,303117.990493774,620087.027549744,..,..
Kazakhstan,KAZ,"Net official flows from UN agencies, WTO-ITC (current US$)",DT.NFL.WITC.CD,..,..,..,..,..,..,..,..,..,..,..,..,..,..
Kazakhstan,KAZ,"Net primary income (BoP, current US$)",BN.GSR.FCTY.CD,-28117074671.2549,-25147719264.7248,-22701185382.8428,-11617930004.8501,-13449711009.7312,-18138466385.4343,-21960648879.7357,-22724545566.2649,-15172346924.1294,-24173394694.5656,-25897526520.0237,-26519602507.054,-23503643920.284,..
Kazakhstan,KAZ,Net primary income (Net income from abroad) (constant LCU),NY.GSR.NFCY.KN,..,..,..,..,..,..,..,..,..,..,..,..,..,..
Kazakhstan,KAZ,Net primary income (Net income from abroad) (current LCU),NY.GSR.NFCY.CN,-4192611073800,-3825699482800,-4067848700900,-2576017216600,-4602154648000,-5916429148500,-7604658065500,-8685540169700,-6224320310900,-10302252303000,-11741199738800,-12140631178000,-11033550601900,..
Kazakhstan,KAZ,Net primary income (Net income from abroad) (current US$),NY.GSR.NFCY.CD,-28117100000.3353,-25147705454.7995,-22701104180.8099,-11617898271.0342,-13450300000,-18148498719.5884,-22061297887.8718,-22692622312.6359,-15072696630.59,-24188943146.1057,-25515195068.7253,-26614560911.0738,-23527575449.8494,..
Kazakhstan,KAZ,"Net secondary income (BoP, current US$)",BN.TRF.CURR.CD,-559288460.158025,-745394553.062345,-960567268.066428,-1300478103.69845,-172697616.898834,-103357641.188564,918176585.322097,1062788115.52369,1345703847.11042,-634645984.101091,-1048553883.90771,-1036606568.75205,-484528757.815174,..
Kazakhstan,KAZ,Net secondary income (Net current transfers from abroad) (constant LCU),NY.TRF.NCTR.KN,-15737075281.4487,..,..,..,..,..,..,..,..,..,..,..,..,..
Kazakhstan,KAZ,Net secondary income (Net current transfers from abroad) (current LCU),NY.TRF.NCTR.CN,-83398621300,-113381892800,-172113627900,-288357654200,-59091032000,-33708503400,316508865600,398923030600,555712844500,-259460474200,-386437140000,-472863635400,-227457180100,..
Kazakhstan,KAZ,Net secondary income (Net current transfers from abroad) (current US$),NY.TRF.NCTR.CD,-559300000.335317,-745300161.934102,-960500177.165046,-1300499806.67108,-172700000,-103399992.704931,918199912.213264,1042262137.79984,1345703739.60391,-609194424.141392,-839779513.870025,-1036606568.67581,-485022107.524589,..
Kazakhstan,KAZ,"Net trade in goods (BoP, current US$)",BN.GSR.MRCH.CD,40218605313.8593,38533268528.9646,27652554781.4733,7715879997.42975,10470435945.9458,18468313432.3739,24038418198.1711,18420781890.5098,6008985046.23818,24228119358.2443,34997154404.9148,19863430165.1519,17214040690.453,..
Kazakhstan,KAZ,"Net trade in goods and services (BoP, current US$)",BN.GSR.GNFS.CD,31304963815.1314,30420332103.2402,20809092206.124,2938881197.60969,6657846380.33749,14815137351.4282,19276723811.6837,14634103953.348,2771607555.29577,22128581996.022,33382483021.9538,18240739384.7674,16052677600.4275,..
Kazakhstan,KAZ,"New business density (new registrations per 1,000 people ages 15-64)",IC.BUS.NDNS.ZS,1.35047831778305,1.70807148960199,1.30683331103543,0.922489626957354,1.85746097658057,2.40213945155495,2.0057416320295,2.80212418487105,3.49261479478441,..,..,..,..,..
Kazakhstan,KAZ,New businesses registered (number),IC.BUS.NREG,15404,19601,15072,10682,21583,28004,23464,32906,41211,..,..,..,..,..
Kazakhstan,KAZ,Newborns protected against tetanus (%),SH.VAC.TTNS.ZS,..,..,..,..,..,..,..,..,..,..,..,..,..,..
Kazakhstan,KAZ,Nitrous oxide (N2O) emissions (total) excluding LULUCF (% change from 1990),EN.GHG.N2O.ZG.AR5,-43.6966456842287,-43.6894599177948,-41.8930183093329,-41.4561237101549,-38.8663734873962,-34.8380328245811,-33.784599465379,-34.6835388462533,-30.2707596792274,-28.742347158748,-24.0723175533902,-29.552901612486,-24.7829898536978,..
Kazakhstan,KAZ,Nitrous oxide (N2O) emissions (total) excluding LULUCF (Mt CO2e),EN.GHG.N2O.MT.CE.AR5,7.8354,7.8364,8.0864,8.1472,8.5076,9.0682,9.2148,9.0897,9.7038,9.9165,10.5664,9.8037,10.4675,..
Kazakhstan,KAZ,Nitrous oxide (N2O) emissions from Agriculture (Mt CO2e),EN.GHG.N2O.AG.MT.CE.AR5,5.5072,5.6074,5.804,6.1708,6.5419,6.7406,7.1283,6.9835,7.5658,7.5654,8.095,7.1314,7.7634,..
Kazakhstan,KAZ,Nitrous oxide (N2O) emissions from Building (Energy) (Mt CO2e),EN.GHG.N2O.BU.MT.CE.AR5,0.2277,0.2305,0.2776,0.218,0.228,0.2703,0.2673,0.2556,0.2549,0.2651,0.2883,0.2292,0.2334,..
Kazakhstan,KAZ,Nitrous oxide (N2O) emissions from Fugitive Emissions (Energy) (Mt CO2e),EN.GHG.N2O.FE.MT.CE.AR5,0.0587,0.0673,0.0387,0.0444,0.0426,0.0413,0.0388,0.0307,0.0291,0.0347,0.0273,0.0282,0.0288,..
Kazakhstan,KAZ,Nitrous oxide (N2O) emissions from Industrial Combustion (Energy) (Mt CO2e),EN.GHG.N2O.IC.MT.CE.AR5,0.2184,0.2135,0.1564,0.1017,0.1074,0.0961,0.092,0.0828,0.0818,0.0825,0.0797,0.0741,0.0732,..
Kazakhstan,KAZ,Nitrous oxide (N2O) emissions from Industrial Processes (Mt CO2e),EN.GHG.N2O.IP.MT.CE.AR5,1.0272,0.9338,0.9702,0.8647,0.7669,1.0823,0.8266,0.8927,0.8305,0.929,0.8633,0.9124,0.9134,..
Kazakhstan,KAZ,Nitrous oxide (N2O) emissions from Power Industry (Energy) (Mt CO2e),EN.GHG.N2O.PI.MT.CE.AR5,0.3116,0.3298,0.3338,0.2806,0.3087,0.3407,0.3585,0.3526,0.3514,0.3715,0.4038,0.4201,0.416,..
Kazakhstan,KAZ,Nitrous oxide (N2O) emissions from Transport (Energy) (Mt CO2e),EN.GHG.N2O.TR.MT.CE.AR5,0.205,0.1695,0.2148,0.1692,0.2007,0.1713,0.1652,0.1435,0.2381,0.3092,0.4455,0.6372,0.6605,..
Kazakhstan,KAZ,Nitrous oxide (N2O) emissions from Waste (Mt CO2e),EN.GHG.N2O.WA.MT.CE.AR5,0.2796,0.2846,0.2908,0.2978,0.3114,0.3256,0.3381,0.3483,0.3521,0.3592,0.3635,0.3711,0.3789,..
Kazakhstan,KAZ,Number of deaths ages 10-14 years,SH.DTH.1014,424,413,411,416,425,439,451,461,471,486,501,515,525,..
Kazakhstan,KAZ,Number of deaths ages 15-19 years,SH.DTH.1519,1036,937,854,789,747,730,729,738,751,775,811,847,878,..
Kazakhstan,KAZ,Number of deaths ages 20-24 years,SH.DTH.2024,2055,1830,1631,1464,1324,1215,1140,1083,1030,979,941,917,906,..
Kazakhstan,KAZ,Number of deaths ages 5-9 years,SH.DTH.0509,503,508,511,512,510,507,501,495,492,491,492,495,497,..
Kazakhstan,KAZ,Number of infant deaths,SH.DTH.IMRT,5129,4623,4219,3871,3594,3392,3315,3321,3401,3540,3387,3132,3006,..
Kazakhstan,KAZ,Number of maternal deaths,SH.MMR.DTHS,65,59,56,52,50,47,47,45,79,100,59,39,..,..
Kazakhstan,KAZ,Number of neonatal deaths,SH.DTH.NMRT,3392,2902,2547,2232,2065,1921,1936,1947,2098,2194,1935,1761,1586,..
Kazakhstan,KAZ,"Number of surgical procedures (per 100,000 population)",SH.SGR.PROC.P5,..,..,..,4459,..,..,..,..,3946,..,..,..,..,..
Kazakhstan,KAZ,Number of under-five deaths,SH.DTH.MORT,6277,5684,5202,4798,4484,4263,4180,4185,4264,4406,4267,4017,3876,..
Kazakhstan,KAZ,Number of visits or required meetings with tax officials (average for affected firms),IC.TAX.METG,..,2.474896193,..,..,..,..,..,2.306036949,..,..,..,..,1,..
Kazakhstan,KAZ,"Nurses and midwives (per 1,000 people)",SH.MED.NUMW.P3,7.806,7.783,6.993,7.087,7.269,6.837,6.618,6.696,6.76,6.802,6.712,6.49,..,..
Kazakhstan,KAZ,"Official exchange rate (LCU per US$, period average)",PA.NUS.FCRF,149.1125,152.129166666667,179.191666666667,221.728333333333,342.16,326.001022727273,344.705833333333,382.747310606061,412.953333333333,425.9075,460.165,456.165,468.9625,..
Kazakhstan,KAZ,Oil rents (% of GDP),NY.GDP.PETR.RT.ZS,16.1210271615703,13.575329365067,13.4439854013249,6.77396398337604,6.9499320090465,9.66346231175396,15.0881830400628,13.3329218324239,7.12577724575059,14.8448016221428,..,..,..,..
Kazakhstan,KAZ,Ores and metals exports (% of merchandise exports),TX.VAL.MMTL.ZS.UN,13.1924949381927,10.2213021546156,8.96795902235569,12.7083992552071,15.5906292955463,16.1720512068241,12.3470889684396,14.7750977836769,12.1957647364909,12.4082628140823,9.14600106668177,14.6008672804896,15.4598535578386,..
Kazakhstan,KAZ,Ores and metals imports (% of merchandise imports),TM.VAL.MMTL.ZS.UN,2.11498301512142,1.34722187726712,1.95610507026825,2.59068151297229,3.60782709662563,3.72812576063225,3.5198443625195,2.76566184041976,3.99578704408053,4.98883641610014,5.50058525975308,2.80362458125802,2.60485954835667,..
Kazakhstan,KAZ,Other expense (% of expense),GC.XPN.OTHR.ZS,1.99995289682319,2.2556127121236,2.3817251134252,1.3697786945138,2.3427363826314,1.39399978781578,1.51724964648044,1.00102022912925,1.32704807231092,1.04756067940653,0.300812242551042,1.04830525239975,..,..
Kazakhstan,KAZ,Other expense (current LCU),GC.XPN.OTHR.CN,97981139969.54,118624723579.95,144664543208.09,86731429823.94,179707336192.19,144225966807.22,137926938574.3,111812647388.44,157815952220.6,150530172408.4,50456509271.15,218442079492.16,..,..
Kazakhstan,KAZ,Other manufacturing (% of value added in manufacturing),NV.MNF.OTHR.ZS.UN,65.7856849700609,60.1832227766014,58.4554667635405,60.9353279415691,63.2466412371521,62.1850725800476,63.6413122740874,61.8805329944104,60.6274831041077,62.2119506573338,60.2890630653912,..,..,..
Kazakhstan,KAZ,Other people in need of international protection by country or territory of asylum,SM.POP.OPIP.EA,..,..,..,..,..,..,..,..,..,..,..,..,..,..
Kazakhstan,KAZ,Other people in need of international protection by country or territory of origin,SM.POP.OPIP.EO,..,..,..,..,..,..,..,..,..,..,..,..,..,..
Kazakhstan,KAZ,Other taxes (% of revenue),GC.TAX.OTHR.RV.ZS,2.54643504269403E-05,2.39091048919787,7.32358221347592E-05,0.00154969921418443,0.00582703820975961,0.00455485813849772,0.00772272454431687,0.00476906371972598,0.031031683278872,-0.000910232837559848,0.00746997435303658,0.0106106688863013,..,..
Kazakhstan,KAZ,Other taxes (current LCU),GC.TAX.OTHR.CN,1808735.5,180052192894.5,5754886.1,89222942.9,388843518.5,411036490.2,789070938.1,514290320.7,2320761594.2,-100000000,1370822200,2141776340.71,..,..
Kazakhstan,KAZ,Out-of-pocket expenditure (% of current health expenditure),SH.XPD.OOPC.CH.ZS,27.82034302,25.9552784,23.80191422,32.09503555,35.67286301,33.14392471,33.47025299,33.86382675,27.74455261,25.03029823,30.82857513,27.64227867,..,..
Kazakhstan,KAZ,Out-of-pocket expenditure per capita (current US$),SH.XPD.OOPC.PC.CD,101.55596243,93.15698466,87.99212111,99.49919459,91.26563355,90.47718239,89.33929045,89.26956177,91.43795977,98.07255489,129.9733553,135.36827326,..,..
Kazakhstan,KAZ,"Out-of-pocket expenditure per capita, PPP (current international $)",SH.XPD.OOPC.PP.CD,180.547891529486,164.177810817606,169.631062454461,219.414376554578,281.077900050146,242.53543285982,236.692910206144,270.809392169871,302.378812177338,323.639118298503,414.505883624738,403.575193374457,..,..
Kazakhstan,KAZ,"Over-age students, primary (% of enrollment)",SE.PRM.OENR.ZS,0.83831,0.73629,0.69296,0.79664,1.18098,0.31404,0.69156,0.66085,..,..,..,..,..,..
Kazakhstan,KAZ,"Over-age students, primary, female (% of female enrollment)",SE.PRM.OENR.FE.ZS,0.71168,0.6216,0.59255,0.70471,1.1769,0.27893,0.58695,0.56019,..,..,..,..,..,..
Kazakhstan,KAZ,"Over-age students, primary, male (% of male enrollment)",SE.PRM.OENR.MA.ZS,0.95911,0.84554,0.78836,0.88392,1.18485,0.34774,0.79194,0.75753,..,..,..,..,..,..
Kazakhstan,KAZ,"Part time employment, female (% of total female employment)",SL.TLF.PART.FE.ZS,16.18,13.41,..,12.39,..,10.8,..,..,11.9,..,7.36,..,..,..
Kazakhstan,KAZ,"Part time employment, male (% of total male employment)",SL.TLF.PART.MA.ZS,11.6,9.01,..,6.68,..,6.44,..,..,6.54,..,5.93,..,..,..
Kazakhstan,KAZ,"Part time employment, total (% of total employment)",SL.TLF.PART.ZS,13.82,11.16,..,9.45,..,8.54,..,..,9.13,..,6.61,..,..,..
Kazakhstan,KAZ,"Patent applications, nonresidents",IP.PAT.NRES,..,378,271,232,231,173,193,..,97,..,..,..,..,..
Kazakhstan,KAZ,"Patent applications, residents",IP.PAT.RESD,..,1824,1742,1271,993,1055,789,..,803,..,..,..,..,..
Kazakhstan,KAZ,People practicing open defecation (% of population),SH.STA.ODFC.ZS,0.0305277711869602,0.0304598211960375,0.0303926371048161,0.0303247948466267,0.0302570126234731,0.0301899877817128,0.0301248871919535,0.0300456350126216,0,0,0,0,0,..
Kazakhstan,KAZ,"People practicing open defecation, rural (% of rural population)",SH.STA.ODFC.RU.ZS,0.0709502654867257,0.0709126548672567,0.0708750442477876,0.0708374336283186,0.0707998230088496,0.0707622123893806,0.0707622123893806,0.0707622123893806,0,0,0,0,0,..
Kazakhstan,KAZ,"People practicing open defecation, urban (% of urban population)",SH.STA.ODFC.UR.ZS,0,0,0,0,0,0,0,0,0,0,0,0,0,..
Kazakhstan,KAZ,People using at least basic drinking water services (% of population),SH.H2O.BASW.ZS,94.4202016510081,94.7741258840317,95.1268706638543,95.4785790078555,95.7465813403663,95.9970182861121,96.3060818845049,96.6144824644743,96.9217657494766,97.2275162757939,97.531338883182,97.8328139720823,97.8336528246685,..
Kazakhstan,KAZ,"People using at least basic drinking water services, rural (% of rural population)",SH.H2O.BASW.RU.ZS,89.656543924959,90.3856454932642,91.1149657951416,91.844504830591,92.5742625996128,93.3042391022067,94.0200696641098,94.7359002260127,95.4517307879158,96.1675613498187,96.8833919117218,97.5992224736247,97.5992224736247,..
Kazakhstan,KAZ,"People using at least basic drinking water services, urban (% of urban population)",SH.H2O.BASW.UR.ZS,98.0177992970663,98.0785259584752,98.1388533096038,98.1987813504524,98.1140705604719,98.0007313274336,98.0007313274336,98.0007313274336,98.0007313274336,98.0007313274336,98.0007313274336,98.0007313274336,98.0007313274336,..
Kazakhstan,KAZ,People using at least basic sanitation services (% of population),SH.STA.BASS.ZS,97.4984582188857,97.5599727804689,97.6213968243494,97.6826966507758,97.7438938717997,97.8049933636929,97.8553422711483,97.9051562762041,97.9463161907176,97.9538478987078,97.9526402205332,97.948876378574,97.9447423331533,..
Kazakhstan,KAZ,"People using at least basic sanitation services, rural (% of rural population)",SH.STA.BASS.RU.ZS,98.28747744455,98.3964893266633,98.5055240814709,98.6145817089727,98.7236622091689,98.8327655820594,98.9302907022506,99.0278158224418,99.1062225393243,99.1062225393243,99.1062225393243,99.1062225393243,99.1062225393243,..
Kazakhstan,KAZ,"People using at least basic sanitation services, urban (% of urban population)",SH.STA.BASS.UR.ZS,96.9025775902879,96.9301003151776,96.95762653391,96.9851562464851,97.012689452903,97.0402261531637,97.0584753179604,97.0767244827571,97.0949736475538,97.1132228123505,97.1169414238313,97.1169414238313,97.1169414238313,..
Kazakhstan,KAZ,People using safely managed drinking water services (% of population),SH.H2O.SMDW.ZS,81.268439553072,82.9843222511527,84.7156001776453,86.4625773996487,88.1463152163441,89.8289594691417,90.1137990474699,90.3989798799613,90.6840425340844,90.9686099847972,91.2523237707004,91.534849470974,91.5454182335736,..
Kazakhstan,KAZ,"People using safely managed drinking water services, rural (% of rural population)",SH.H2O.SMDW.RU.ZS,..,..,..,..,..,..,..,..,..,..,..,..,..,..
Kazakhstan,KAZ,"People using safely managed drinking water services, urban (% of urban population)",SH.H2O.SMDW.UR.ZS,..,..,..,..,..,..,..,..,..,..,..,..,..,..
Kazakhstan,KAZ,People using safely managed sanitation services (% of population),SH.STA.SMSS.ZS,..,..,..,..,..,..,..,..,..,..,..,..,..,..
Kazakhstan,KAZ,"People using safely managed sanitation services, rural (% of rural population)",SH.STA.SMSS.RU.ZS,..,..,..,..,..,..,..,..,..,..,..,..,..,..
Kazakhstan,KAZ,"People using safely managed sanitation services, urban (% of urban population)",SH.STA.SMSS.UR.ZS,81.5765190170022,80.9300970503737,80.2889293958652,79.6529976341903,79.0222833384157,78.3967680739626,78.0475063327143,77.7029383190726,77.3630440645751,77.0278036007595,76.6835462588341,76.340441949963,75.941719379468,..
Kazakhstan,KAZ,People with basic handwashing facilities including soap and water (% of population),SH.STA.HYGN.ZS,99.0070275509692,99.0073881983882,99.007745043321,99.008104551057,99.0084686591684,99.008819443917,99.0092734625539,99.0098274702943,..,..,..,..,..,..
Kazakhstan,KAZ,"People with basic handwashing facilities including soap and water, rural (% of rural population)",SH.STA.HYGN.RU.ZS,98.7255509022698,98.7255509022698,98.7255509022698,98.7255509022698,98.7255509022698,98.7255509022698,98.7255509022698,98.7255509022698,..,..,..,..,..,..
Kazakhstan,KAZ,"People with basic handwashing facilities including soap and water, urban (% of urban population)",SH.STA.HYGN.UR.ZS,99.2196040471342,99.2196040471342,99.2196040471342,99.2196040471342,99.2196040471342,99.2196040471342,99.2196040471342,99.2196040471342,..,..,..,..,..,..
Kazakhstan,KAZ,Permanent cropland (% of land area),AG.LND.CROP.ZS,0.0471163462606956,0.0487091158276846,0.0488943215912879,0.0488943215912879,0.0488943215912879,0.0488943215912879,0.0488943215912879,0.0488943215912879,0.0488943215912879,0.0488943215912879,0.0488943215912879,0.0488943215912879,..,..
Kazakhstan,KAZ,"Persistence to grade 5, female (% of cohort)",SE.PRM.PRS5.FE.ZS,..,..,..,..,..,..,..,..,..,..,..,..,..,..
Kazakhstan,KAZ,"Persistence to grade 5, male (% of cohort)",SE.PRM.PRS5.MA.ZS,..,..,..,..,..,..,..,..,..,..,..,..,..,..
Kazakhstan,KAZ,"Persistence to grade 5, total (% of cohort)",SE.PRM.PRS5.ZS,..,..,..,..,..,..,..,..,..,..,..,..,..,..
Kazakhstan,KAZ,"Persistence to last grade of primary, female (% of cohort)",SE.PRM.PRSL.FE.ZS,99.4538803100586,98.9325866699219,98.7095718383789,99.4510879516602,99.862548828125,98.7731094360352,98.7716903686523,94.2378234863281,..,..,..,..,..,..
Kazakhstan,KAZ,"Persistence to last grade of primary, male (% of cohort)",SE.PRM.PRSL.MA.ZS,99.1066436767578,98.860710144043,98.8311309814453,98.6318283081055,96.7443389892578,99.5663070678711,99.5527572631836,100,..,..,..,..,..,..
Kazakhstan,KAZ,"Persistence to last grade of primary, total (% of cohort)",SE.PRM.PRSL.ZS,99.2758407592773,98.895751953125,98.772216796875,99.031608581543,98.2533264160156,99.1772766113281,99.1699295043945,97.1441421508789,..,..,..,..,..,..
Kazakhstan,KAZ,"Personal remittances, paid (current US$)",BM.TRF.PWKR.CD.DT,3432439704.72867,3386493735.39601,3457352394.12731,3181475768.05296,2396148203.76026,2690697275.00436,2680081027.61834,2660169693.95827,2175506672.84848,2591298520.29506,2754164513.83549,2808548036.34557,2696742658.69186,..
Kazakhstan,KAZ,"Personal remittances, received (% of GDP)",BX.TRF.PWKR.DT.GD.ZS,0.136051344243071,0.144275547930533,0.181279445291607,0.15959228908192,0.27984417174788,0.33597213131325,0.344618856879696,0.278573150811193,0.218836862121885,0.157213071084416,0.213219830288597,0.115996073438374,0.08260553410117,..
Kazakhstan,KAZ,"Personal remittances, received (current US$)",BX.TRF.PWKR.CD.DT,282984848.948256,341405870.661707,401380996.114875,294269675.872007,384165377.828952,560420963.876735,618039381.045251,506076000.839177,374391281.095021,309886230.136176,480802889.841956,303724235.916582,240778837.67322,..
Kazakhstan,KAZ,"Personal transfers, receipts (BoP, current US$)",BX.TRF.PWKR.CD,279104848.948256,337525870.661707,397500996.114875,290389675.872007,380285377.828952,556540963.876735,614159381.045251,502196000.839177,370511281.095021,306006230.136176,476922889.841956,299844235.916582,236898837.67322,..
Kazakhstan,KAZ,"Physicians (per 1,000 people)",SH.MED.PHYS.ZS,3.786,3.832,3.865,3.726,3.707,3.6,3.531,3.62,3.663,3.711,3.719,3.754,..,..
Kazakhstan,KAZ,"Plant species (higher), threatened",EN.HPT.THRD.NO,..,..,..,..,..,..,14,..,..,..,13,..,..,..
Kazakhstan,KAZ,"PM2.5 air pollution, mean annual exposure (micrograms per cubic meter)",EN.ATM.PM25.MC.M3,27.2031824448933,25.8443738560699,23.8358367012493,22.5590495991917,22.7637525232887,21.0166106765309,20.5938700993782,20.8569853852639,20.0278724259165,..,..,..,..,..
Kazakhstan,KAZ,"PM2.5 air pollution, population exposed to levels exceeding WHO guideline value (% of total)",EN.ATM.PM25.MC.ZS,96.2218713740623,95.6570214678422,91.6069987770402,92.6415526035327,87.1523808834092,87.4142305282549,..,..,..,..,..,..,..,..
Kazakhstan,KAZ,"PM2.5 pollution, population exposed to levels exceeding WHO Interim Target-1 value (% of total)",EN.ATM.PM25.MC.T1.ZS,0,0,0,0,0,0,..,..,..,..,..,..,..,..
Kazakhstan,KAZ,"PM2.5 pollution, population exposed to levels exceeding WHO Interim Target-2 value (% of total)",EN.ATM.PM25.MC.T2.ZS,2.1582003707563,2.01324730963205,1.41902595446868,1.8782071700423,1.35294157404438,1.36157024347089,..,..,..,..,..,..,..,..
Kazakhstan,KAZ,"PM2.5 pollution, population exposed to levels exceeding WHO Interim Target-3 value (% of total)",EN.ATM.PM25.MC.T3.ZS,38.0512713821206,38.5827747226683,25.0714053770514,29.0213335236849,23.4919336665191,24.3721542771003,..,..,..,..,..,..,..,..
Kazakhstan,KAZ,"PNG, bonds (NFL, current US$)",DT.NFL.PNGB.CD,-2896947000,2474742000,3600551000,-6997600000,-481822000,1999333000,-117654000,-1388734000,1090346000,-442972000,-2423197000,0,0,..
Kazakhstan,KAZ,"PNG, commercial banks and other creditors (NFL, current US$)",DT.NFL.PNGC.CD,10634646000,9921203000,4779688000,5277113000,12277871000,5145853000,1299424000,3314109000,5485745000,-5925814000,-667068000,1506315000,-5319600000,..
Kazakhstan,KAZ,"Population ages 00-04, female (% of female population)",SP.POP.0004.FE.5Y,9.95641493829432,9.99575382775441,10.0225001308711,10.0521757358298,10.0494016869591,9.99790151668268,9.95598298415319,9.98704755603088,10.0454940754105,10.1236329217823,10.0979748849826,9.938713573069,9.72904137966325,..
Kazakhstan,KAZ,"Population ages 00-04, male (% of male population)",SP.POP.0004.MA.5Y,11.456842142139,11.5017063627843,11.5295465874012,11.5586118986315,11.5499947266,11.4849922122529,11.3521495188835,11.2057876757077,11.0901798485311,11.1199961087703,11.1386602129928,11.0073376963535,10.8187399354122,..
Kazakhstan,KAZ,Population ages 0-14 (% of total population),SP.POP.0014.TO.ZS,26.1747818948988,26.6607664784249,27.1689552563848,27.6736907291676,28.1386337139405,28.5323675066137,28.8100897670497,29.0136809520054,29.2105318944548,29.4821416334192,29.6265252793304,29.5390864699954,29.3732798104715,..
Kazakhstan,KAZ,"Population ages 0-14, female",SP.POP.0014.FE.IN,2210458,2282011,2358782,2437586,2515578,2589521,2655631,2719504,2784635,2851390,2906093,2939054,2959059,..
Kazakhstan,KAZ,"Population ages 0-14, female (% of female population)",SP.POP.0014.FE.ZS,24.4845288455217,24.9287671014396,25.4071006014038,25.884900331007,26.3266790616102,26.7030300655428,27.0394632979665,27.3969224420913,27.7652205785137,28.1132213132331,28.2524624236468,28.1705785181635,28.0143234692345,..
Kazakhstan,KAZ,"Population ages 0-14, male",SP.POP.0014.MA.IN,2319378,2398687,2481717,2566971,2651689,2732316,2798905,2853895,2906195,2969446,3029466,3066273,3089654,..
Kazakhstan,KAZ,"Population ages 0-14, male (% of male population)",SP.POP.0014.MA.ZS,28.0181417838756,28.5477260893497,29.0860102956528,29.617245488366,30.1042282677171,30.5135010510415,30.7186724427205,30.7424355906659,30.7439601332882,30.9282613889815,31.0763785329005,30.9817118617292,30.8044197620387,..
Kazakhstan,KAZ,"Population ages 0-14, total",SP.POP.0014.TO,4529835,4680698,4840498,5004557,5167266,5321838,5454536,5573399,5690830,5820837,5935559,6005327,6048714,..
Kazakhstan,KAZ,"Population ages 05-09, female (% of female population)",SP.POP.0509.FE.5Y,8.01989061006293,8.39975783600118,8.72093073354799,8.96292468711708,9.14257992773704,9.24803144734508,9.3103820969808,9.38873873801267,9.47184017736976,9.50206679303231,9.48214233372786,9.45094203182278,9.43552642422752,..
Kazakhstan,KAZ,"Population ages 05-09, male (% of male population)",SP.POP.0509.MA.5Y,9.17470164599422,9.61013403948288,9.9760218153545,10.2493346138776,10.4490461844255,10.5622555754674,10.5756616620631,10.5353269326247,10.4737446152762,10.4108049116985,10.3608649680552,10.3083612798105,10.2783011985206,..
Kazakhstan,KAZ,"Population ages 10-14, female (% of female population)",SP.POP.1014.FE.5Y,6.50822329716448,6.53325543768401,6.66366973698468,6.8697999080601,7.13469744691408,7.45709710151503,7.77309821683256,8.02113614804773,8.24788632573347,8.48752159841854,8.67234520493636,8.78092291327171,8.84975566534372,..
Kazakhstan,KAZ,"Population ages 10-14, male (% of male population)",SP.POP.1014.MA.5Y,7.38659799574239,7.43588568708252,7.58044189289713,7.80929897585688,8.10518735669152,8.46625326332122,8.79086126177383,9.00132098233344,9.18003566948087,9.39746036851279,9.57685335185251,9.66601288556527,9.70737862810585,..
Kazakhstan,KAZ,"Population ages 15-19, female (% of female population)",SP.POP.1519.FE.5Y,7.43682541999851,7.00486785905417,6.62093467583719,6.31762422532561,6.129128827265,6.05511431835899,6.06303707481956,6.12176506239175,6.22626310446138,6.42359274441029,6.7226373621673,7.05755037076609,7.38573586238586,..
Kazakhstan,KAZ,"Population ages 15-19, male (% of male population)",SP.POP.1519.MA.5Y,8.05626634767343,7.63011053422395,7.27519148031976,7.0059897442619,6.85448333792935,6.81440436716891,6.81717683463077,6.83171279691806,6.89367357040417,7.08420971061791,7.41098138396838,7.78052556806485,8.14334610198011,..
Kazakhstan,KAZ,Population ages 15-64 (% of total population),SP.POP.1564.TO.ZS,67.4460649900099,66.8757705834568,66.2340633863906,65.5648456945962,64.9216266124732,64.3439384372589,63.8881462741249,63.5059401428091,63.1406766523371,62.7412281334871,62.388058084887,62.1527464886554,61.9734854865864,..
Kazakhstan,KAZ,"Population ages 15-64, female",SP.POP.1564.FE.IN,6085252,6120162,6147569,6172124,6200227,6234923,6261299,6273032,6282010,6302738,6353487,6415519,6472365,..
Kazakhstan,KAZ,"Population ages 15-64, female (% of female population)",SP.POP.1564.FE.ZS,67.4043696493074,66.8568613915887,66.2172044085564,65.5422080931964,64.8882307043972,64.29425995207,63.7521368700557,63.1959986750366,62.6370819738887,62.1417102743153,61.7673520716898,61.4922054750857,61.2758740940792,..
Kazakhstan,KAZ,"Population ages 15-64, male",SP.POP.1564.MA.IN,5587036,5620884,5652880,5684734,5721721,5766464,5834470,5926176,6019131,6084640,6145717,6220199,6289569,..
Kazakhstan,KAZ,"Population ages 15-64, male (% of male population)",SP.POP.1564.MA.ZS,67.4915371863987,66.896371561612,66.2524074582597,65.5894418786895,64.9578542382298,64.3977391802133,64.0347526853964,63.8373518823109,63.6749742063255,63.3745554405453,63.0430009275831,62.84906194461,62.7081518656231,..
Kazakhstan,KAZ,"Population ages 15-64, total",SP.POP.1564.TO,11672288,11741046,11800450,11856858,11921948,12001387,12095768,12199208,12301140,12387379,12499203,12635718,12761934,..
Kazakhstan,KAZ,"Population ages 20-24, female (% of female population)",SP.POP.2024.FE.5Y,8.87904750770064,8.50861037868494,8.12205822825768,7.72851626857368,7.31965354508869,6.90947545135437,6.54166949427498,6.22316223789863,5.95019970649756,5.73375959142324,5.61618423752351,5.59991480927385,5.65574150348144,..
Kazakhstan,KAZ,"Population ages 20-24, male (% of male population)",SP.POP.2024.MA.5Y,9.54055129013173,9.12634225442211,8.70172293904403,8.27495965224085,7.83618719445926,7.40600959232453,7.06205109175736,6.79084884452556,6.53207021465055,6.30177153023859,6.16606071579053,6.14007607423368,6.19499792944231,..
Kazakhstan,KAZ,"Population ages 25-29, female (% of female population)",SP.POP.2529.FE.5Y,8.75850557242687,8.86274573206162,8.85770985742485,8.73749246178808,8.5226321619011,8.23851144833503,7.93686446586509,7.65171394975294,7.35751281904531,7.0004806495424,6.61179907188852,6.23852416076759,5.88974495971163,..
Kazakhstan,KAZ,"Population ages 25-29, male (% of male population)",SP.POP.2529.MA.5Y,9.38142110036358,9.474327199155,9.44838220797369,9.30126611429734,9.05545516480425,8.73521447601869,8.43461567039397,8.20261841686144,7.97018988566365,7.62213888898726,7.19611138280665,6.78891630616759,6.41008468025101,..
Kazakhstan,KAZ,"Population ages 30-34, female (% of female population)",SP.POP.3034.FE.5Y,7.43453808623935,7.48760640965545,7.5964735253738,7.75628513518235,7.94122869016222,8.11245808189344,8.18088472974929,8.12004498750392,8.01142721197206,7.89527262688532,7.74224074852449,7.52107207659728,7.24175230596409,..
Kazakhstan,KAZ,"Population ages 30-34, male (% of male population)",SP.POP.3034.MA.5Y,7.84802480995853,7.92018923221113,8.03780768673162,8.19890233788554,8.38053376343993,8.54734142830197,8.63917783974403,8.6399871251889,8.60601070634522,8.51690820551609,8.34249846321762,8.09695845026851,7.79264991154204,..
Kazakhstan,KAZ,"Population ages 35-39, female (% of female population)",SP.POP.3539.FE.5Y,6.96438300113364,6.94599277462504,6.92109260437318,6.8850913680664,6.85840403493769,6.86756765675206,6.91781055195712,6.99360447263797,7.07052633615103,7.16409375377433,7.2779808473651,7.37341166573318,7.43424161583472,..
Kazakhstan,KAZ,"Population ages 35-39, male (% of male population)",SP.POP.3539.MA.5Y,7.08025456239953,7.06727562147607,7.05976403422321,7.0487200633934,7.053521546976,7.09429869011512,7.18261968426185,7.31262770995007,7.45875418747201,7.60072462696377,7.73682284444633,7.84997560129952,7.91543271116236,..
Kazakhstan,KAZ,"Population ages 40-44, female (% of female population)",SP.POP.4044.FE.5Y,6.42152060951408,6.44103473766532,6.44621371128182,6.44176645671704,6.42974920411475,6.41496038145992,6.39624600187215,6.35997538662899,6.31768598508877,6.30316908264954,6.3221476359999,6.37183116114394,6.45399179345325,..
Kazakhstan,KAZ,"Population ages 40-44, male (% of male population)",SP.POP.4044.MA.5Y,6.40777760429517,6.41635251937696,6.41334105454554,6.39698318293399,6.37099373447426,6.35099795621194,6.35424085248706,6.36906736148133,6.39192802123454,6.42738763293039,6.4806644952109,6.56448564664791,6.67634339362984,..
Kazakhstan,KAZ,"Population ages 45-49, female (% of female population)",SP.POP.4549.FE.5Y,6.15095616366388,6.02606889766769,5.93431392211889,5.87684258110925,5.86832953079517,5.88885978625375,5.91104623408137,5.91655793208998,5.91061037859582,5.90147916815586,5.88299429432169,5.85980499202511,5.84322734098011,..
Kazakhstan,KAZ,"Population ages 45-49, male (% of male population)",SP.POP.4549.MA.5Y,5.99069052753778,5.83518350466386,5.73086699907259,5.68222672556186,5.67715280451217,5.69330269382232,5.71285281719813,5.72642017450152,5.7404876535759,5.7456881404359,5.73722342084551,5.73578362063378,5.7478751172805,..
Kazakhstan,KAZ,"Population ages 50-54, female (% of female population)",SP.POP.5054.FE.5Y,6.22355270340974,6.15917279714385,6.04715387185578,5.91220939190854,5.75637002543264,5.60790019675215,5.52465196744774,5.49853762404406,5.4818979904515,5.45526878168898,5.42412999452225,5.4153524749521,5.42310607328293,..
Kazakhstan,KAZ,"Population ages 50-54, male (% of male population)",SP.POP.5054.MA.5Y,5.81351277810109,5.79204094080543,5.69946880919757,5.55722020669313,5.39192373971134,5.23472069923661,5.14677144955924,5.13396557646934,5.13555153821066,5.10699423543898,5.07090227910532,5.06887738747435,5.08803347269488,..
Kazakhstan,KAZ,"Population ages 55-59, female (% of female population)",SP.POP.5559.FE.5Y,5.1493808940728,5.2974139423672,5.43291074721891,5.5383597424281,5.60671392834121,5.62138823694403,5.56006982974939,5.45745993073762,5.36696879058766,5.28702172289445,5.20799484238841,5.1440035260986,5.08461193669457,..
Kazakhstan,KAZ,"Population ages 55-59, male (% of male population)",SP.POP.5559.MA.5Y,4.32459514546013,4.48517234710424,4.64492796172304,4.78756679821321,4.89984570338244,4.95960612213971,4.96384698264627,4.9337230534631,4.89667243879364,4.82884838556671,4.72798631372518,4.63729395551308,4.5619567839441,..
Kazakhstan,KAZ,"Population ages 60-64, female (% of female population)",SP.POP.6064.FE.5Y,3.98565969114791,4.12334786266347,4.23834326481434,4.3480204620973,4.45602075635878,4.57802439396627,4.71985652023907,4.85317709135074,4.9439896510376,4.97757215289092,4.9592430369886,4.91074023772794,4.8637207022906,..
Kazakhstan,KAZ,"Population ages 60-64, male (% of male population)",SP.POP.6064.MA.5Y,3.04844302047776,3.14937740817328,3.24093428542865,3.33560705320827,3.43775724854085,3.56184315487348,3.72139946271768,3.89638082295163,4.04963598997514,4.13988408384975,4.17374962846667,4.18616933430676,4.1774317636959,..
Kazakhstan,KAZ,Population ages 65 and above (% of total population),SP.POP.65UP.TO.ZS,6.37915311509129,6.46346293811831,6.59698135722458,6.76146357623621,6.93973967358632,7.12369405612749,7.30176395882548,7.48037890518547,7.64879145320809,7.77663023309373,7.98541663578261,8.30816704134912,8.65323470294214,..
Kazakhstan,KAZ,"Population ages 65 and above, female",SP.POP.65UP.FE.IN,732268,751954,777595,807311,839437,873036,904386,933776,962574,988396,1026578,1078488,1131241,..
Kazakhstan,KAZ,"Population ages 65 and above, female (% of female population)",SP.POP.65UP.FE.ZS,8.11110150517084,8.21437150697166,8.3756949900398,8.57289157579664,8.78509023399254,9.00270998238718,9.2083998319777,9.40707888287211,9.59769744759761,9.74506841245153,9.98018550466348,10.3372160067508,10.7098024366863,..
Kazakhstan,KAZ,"Population ages 65 and above, male",SP.POP.65UP.MA.IN,371715,382804,397742,415444,434949,455671,478037,503171,527572,546991,573269,610571,650683,..
Kazakhstan,KAZ,"Population ages 65 and above, male (% of male population)",SP.POP.65UP.MA.ZS,4.49032102972562,4.55590234903822,4.6615822460875,4.79331263294454,4.93791749405309,5.08875976874518,5.24657487188318,5.42021252702315,5.5810656603863,5.69718317047315,5.8806205395164,6.16922619366076,6.48742837233827,..
Kazakhstan,KAZ,"Population ages 65 and above, total",SP.POP.65UP.TO,1103983,1134758,1175337,1222755,1274386,1328707,1382423,1436948,1490147,1535387,1599847,1689059,1781923,..
Kazakhstan,KAZ,"Population ages 65-69, female (% of female population)",SP.POP.6569.FE.5Y,1.91565586914058,2.17967808399425,2.56675878985078,2.96176996950522,3.26540708211374,3.45602156436517,3.54997759719663,3.60050137452863,3.67762471610449,3.80138081986488,3.95289046982709,4.10584698516797,4.23929965777101,..
Kazakhstan,KAZ,"Population ages 65-69, male (% of male population)",SP.POP.6569.MA.5Y,1.34276743140281,1.53295348041476,1.79205842618302,2.05168989845333,2.25292247965824,2.38255812667912,2.4699467513868,2.55129053499946,2.64831455408547,2.74921211972239,2.86380838394607,3.00304328257221,3.14140515666821,..
Kazakhstan,KAZ,"Population ages 70-74, female (% of female population)",SP.POP.7074.FE.5Y,2.67148952558981,2.35832428368101,1.98724227822954,1.67898638008772,1.53536166881409,1.59275399382107,1.81780129148687,2.12594566844161,2.40402093164193,2.58180778455069,2.68920660501325,2.78701537290999,2.90506718262234,..
Kazakhstan,KAZ,"Population ages 70-74, male (% of male population)",SP.POP.7074.MA.5Y,1.54968620621028,1.3524092890403,1.14046101543785,0.978037988967074,0.917577269500482,0.97435342490567,1.12232342498873,1.31399124206918,1.48695125167422,1.6007889947358,1.68324151961555,1.76685593025836,1.85802330261005,..
Kazakhstan,KAZ,"Population ages 75-79, female (% of female population)",SP.POP.7579.FE.5Y,1.68306227136008,1.87802725481086,2.0584943083469,2.1657114282744,2.16120672211233,2.03295082846265,1.80101637097393,1.52609045534736,1.29129708816779,1.17064044702872,1.21265411429429,1.39286070468009,1.63242901447831,..
Kazakhstan,KAZ,"Population ages 75-79, male (% of male population)",SP.POP.7579.MA.5Y,0.903724906387344,0.991041223463604,1.06168425797428,1.09147784253828,1.06784930087432,0.98893276650908,0.866375142115749,0.732497253384405,0.623168617373358,0.571368131786868,0.604218977319733,0.706226056296509,0.838866244665391,..
Kazakhstan,KAZ,"Population ages 80 and above, female (% of female population)",SP.POP.80UP.FE.5Y,1.84089383908037,1.79834188448554,1.76319961361257,1.7664237979293,1.82311476095238,1.92098359573827,2.03960457232028,2.1545413845545,2.2247547116834,2.19123936100724,2.12543431552884,2.0514929439928,1.93300658181465,..
Kazakhstan,KAZ,"Population ages 80 and above, male (% of male population)",SP.POP.80UP.MA.5Y,0.694142485725184,0.679498356119549,0.667378546492351,0.67210690298585,0.699568444020049,0.742915450651302,0.787929553391895,0.82243349657011,0.822631237253249,0.775813924228092,0.72935165863505,0.693100924533675,0.649133668394615,..
Kazakhstan,KAZ,Population density (people per sq. km of land area),EN.POP.DNST,6.4103811534615,6.50313071822795,6.5993573360003,6.69858465755454,6.80208912101345,6.90889024706449,7.01290032225803,7.11544060451161,7.21640071119013,7.31325813979331,7.42105011667963,7.53050487091158,..,..
Kazakhstan,KAZ,Population growth (annual %),SP.POP.GROW,1.39710899026626,1.4364978420859,1.46885610538904,1.49239879824091,1.53335297365685,1.5579235201186,1.49423322942686,1.45157995956237,1.4089156380377,1.33325722721198,1.46316879039749,1.46415151694869,1.28276364646616,..
Kazakhstan,KAZ,Population in largest city,EN.URB.LCTY,1516273,1564364,1614050,1665315,1718281,1772779,1829005,1862809,1895742,1927623,1958135,1987301,2015209,2042036
Kazakhstan,KAZ,Population in the largest city (% of urban population),EN.URB.LCTY.UR.ZS,16.0196702190264,16.1778888961739,16.3078511686931,16.4116735587585,16.4887854771183,16.5415198653149,16.5878180630597,16.4129505907197,16.2212780769625,15.9974409047426,15.9067389964515,15.8286631114518,15.7655842088258,15.7037509616648
Kazakhstan,KAZ,Population in urban agglomerations of more than 1 million,EN.URB.MCTY,2264160,2357977,2456255,2559086,2666854,2779349,2897118,2980430,3061725,3139412,3211914,3278581,3339320,3394601
Kazakhstan,KAZ,Population in urban agglomerations of more than 1 million (% of total population),EN.URB.MCTY.TL.ZS,13.083012435033,13.4307904843459,13.7865722287222,14.1509737052336,14.5225010346555,14.9011327567103,15.3021696240589,15.5153516049695,15.7155662292758,15.9009072457545,16.0318277237155,16.1267300944452,16.216139305772,16.2859387037479
Kazakhstan,KAZ,Population living in areas where elevation is below 5 meters (% of total population),EN.POP.EL5M.ZS,..,..,..,0,..,..,..,..,..,..,..,..,..,..
Kazakhstan,KAZ,Population living in slums (% of urban population),EN.POP.SLUM.UR.ZS,7.75386,..,4.96982,..,2.18578,..,0.79376,..,0.79376,..,0.79376,..,..,..
Kazakhstan,KAZ,"Population, female",SP.POP.TOTL.FE.IN,9027978,9154127,9283946,9417021,9555241,9697480,9821316,9926312,10029218,10142525,10286157,10433061,10562665,..
Kazakhstan,KAZ,"Population, female (% of total population)",SP.POP.TOTL.FE.ZS,52.1664318940379,52.1409504011676,52.1093258218534,52.0732857561771,52.0335910188411,51.9918286208543,51.8748091598215,51.6738258642639,51.4790974717994,51.3711960273918,51.3419379106394,51.3182840244341,51.2935708707766,..
Kazakhstan,KAZ,"Population, male",SP.POP.TOTL.MA.IN,8278128,8402375,8532339,8667148,8808359,8954451,9111411,9283243,9452899,9601078,9748452,9897043,10029906,..
Kazakhstan,KAZ,"Population, male (% of total population)",SP.POP.TOTL.MA.ZS,47.8335681059621,47.8590495988324,47.8906741781466,47.9267142438229,47.9664089811589,48.0081713791457,48.1251908401785,48.3261741357361,48.5209025282006,48.6288039726082,48.6580620893606,48.6817159755659,48.7064291292233,..
Kazakhstan,KAZ,"Population, total",SP.POP.TOTL,17306106,17556502,17816285,18084169,18363600,18651931,18932727,19209555,19482117,19743603,20034609,20330104,20592571,..
Kazakhstan,KAZ,"Portfolio equity, net inflows (BoP, current US$)",BX.PEF.TOTL.CD.WD,-418199015.589976,65417692.9500827,-135227878.958823,5749105.45884339,-26241071.501896,23773408.144097,-1517713952.427,482217167.250683,899882885.475546,116299676.310104,39328192.4963327,334988050.780928,-161304590.141429,..
Kazakhstan,KAZ,"Portfolio investment, bonds (PPG + PNG) (NFL, current US$)",DT.NFL.BOND.CD,-296947000,7099742000,6100551000,-2997600000,..,1499333000,1296567000,-101159000,983355000,100154000,-6780027000,-2537307000,-462629000,..
Kazakhstan,KAZ,"Portfolio investment, net (BoP, current US$)",BN.KLT.PTXL.CD,17387895285.2002,6033640876.65818,1038848248.66581,-5887872460.68676,745384754.508477,-5400185121.64132,2899586576.98288,5118200204.82679,-7743909733.38627,-3577597245.39288,13285342336.8268,5097611697.53539,3491659020.15168,..
Kazakhstan,KAZ,Poverty gap at $3.00 a day (2021 PPP) (%),SI.POV.GAPS,0,0,0,0,0,0,0,0,0,0,..,..,..,..
Kazakhstan,KAZ,Poverty gap at $4.20 a day (2021 PPP) (%),SI.POV.LMIC.GP,0.1,0.1,0.1,0.1,0.2,0.1,0.1,0.1,0.1,0,..,..,..,..
Kazakhstan,KAZ,Poverty gap at $8.30 a day (2021 PPP) (%),SI.POV.UMIC.GP,4.6,3.2,3.5,4.1,6,4.5,3.3,3.4,3.1,2.4,..,..,..,..
Kazakhstan,KAZ,Poverty headcount ratio at $3.00 a day (2021 PPP) (% of population),SI.POV.DDAY,0.1,0.1,0.1,0.1,0.2,0.1,0.1,0.1,0,0,..,..,..,..
Kazakhstan,KAZ,Poverty headcount ratio at $4.20 a day (2021 PPP) (% of population),SI.POV.LMIC,1,0.5,0.5,0.7,1.3,0.8,0.5,0.5,0.4,0.3,..,..,..,..
Kazakhstan,KAZ,Poverty headcount ratio at $8.30 a day (2021 PPP) (% of population),SI.POV.UMIC,23.6,18,19.3,22.2,29.1,23.6,18.8,19.3,18.6,15.2,..,..,..,..
Kazakhstan,KAZ,Poverty headcount ratio at national poverty lines (% of population),SI.POV.NAHC,..,..,..,..,..,..,4.3,4.3,5.3,5.2,5.2,5.2,5,..
Kazakhstan,KAZ,Poverty headcount ratio at societal poverty line (% of population),SI.POV.SOPO,13.5,11.2,11.2,11.2,12.7,11.7,10.1,10.1,9.5,8.3,..,..,..,..
Kazakhstan,KAZ,"PPG, bonds (NFL, current US$)",DT.NFL.PBND.CD,2600000000,4625000000,2500000000,4000000000,..,-500000000,1414221000,1287575000,-106991000,543126000,-4356830000,-2537307000,-462629000,..
Kazakhstan,KAZ,"PPG, commercial banks (NFL, current US$)",DT.NFL.PCBK.CD,..,..,..,-273590000,-327105000,-391089000,-467589000,-559053000,-650516000,-670131000,-731570000,-965495000,-290065000,..
Kazakhstan,KAZ,"PPG, IBRD (DOD, current US$)",DT.DOD.MIBR.CD,2640643000,3096616000,3428914000,3261017000,4313483000,4184924000,3977324000,3801644000,3615097000,3463170000,3576185000,3383267000,3831067000,..
Kazakhstan,KAZ,"PPG, IDA (DOD, current US$)",DT.DOD.MIDA.CD,..,..,..,..,..,..,..,..,..,..,..,..,..,..
Kazakhstan,KAZ,"PPG, official creditors (NFL, US$)",DT.NFL.OFFT.CD,509148880.9,440764610.3,417045096.3,1048724924.3,1293895239.3,350184025.1,8964735.7,-745958782.5,249179020.6,889544822.4,-76444424.3,-469540011.9,632030922.8,..
Kazakhstan,KAZ,"PPG, other private creditors (NFL, current US$)",DT.NFL.PROP.CD,..,..,..,..,..,..,..,-125401000,-119198000,-117262000,-209466000,-124637000,-25240000,..
Kazakhstan,KAZ,"PPG, private creditors (NFL, US$)",DT.NFL.PRVT.CD,2600000000,4625000000,2500000000,3726410000,-327105000,-891089000,946632000,603121000,-876705000,-244267000,-5297866000,-3627439000,-777934000,..
Kazakhstan,KAZ,"PPP conversion factor, GDP (LCU per international $)",PA.NUS.PPP,83.8739423586594,86.32041979476,92.951476814048,100.548503768533,111.098913040409,121.613784790039,130.108551025391,126.168754577637,124.875175476074,129.063003540039,144.290325913027,152.540985346702,162.334081288311,..
Kazakhstan,KAZ,"PPP conversion factor, households and NPISHs Final consumption expenditure (LCU per international $)",PA.NUS.PRVT.PP,80.3889457276506,92.1158478490421,97.3588163866475,104.729508790622,116.158080118257,125.520889282227,131.17529296875,131.994705200195,136.718841552734,142.361053466797,151.620957859506,166.782453024298,176.083588584855,190.98276551719
Kazakhstan,KAZ,Pregnant women receiving prenatal care (%),SH.STA.ANVC.ZS,..,..,..,99.3,..,..,..,..,..,..,..,..,..,..
Kazakhstan,KAZ,"Preprimary education, duration (years)",SE.PRE.DURS,..,6,6,6,6,6,6,6,5,5,5,5,5,5
Kazakhstan,KAZ,"Present value of external debt (% of exports of goods, services and primary income)",DT.DOD.PVLX.EX.ZS,..,..,..,..,..,..,..,..,..,..,..,..,33.0998164696065,..
Kazakhstan,KAZ,Present value of external debt (% of GNI),DT.DOD.PVLX.GN.ZS,..,..,..,..,..,..,..,..,..,..,..,..,11.8317666275167,..
Kazakhstan,KAZ,Present value of external debt (current US$),DT.DOD.PVLX.CD,..,..,..,..,..,..,..,..,..,..,..,..,31663652910.1,..
Kazakhstan,KAZ,Prevalence of anemia among children (% of children ages 6-59 months),SH.ANM.CHLD.ZS,23.8,22.9,22.2,21.7,21.6,21.7,22.2,23,..,..,..,..,..,..
Kazakhstan,KAZ,Prevalence of anemia among non-pregnant women (% of women ages 15-49),SH.ANM.NPRG.ZS,28.9,28.8,28.8,28.9,29,29.1,29.1,29.2,29.4,29.7,30,30.4,..,..
Kazakhstan,KAZ,Prevalence of anemia among pregnant women (%),SH.PRG.ANEM,31,31,31,31.1,31.2,31.3,31.3,31.5,31.6,31.8,32,32.3,..,..
Kazakhstan,KAZ,Prevalence of anemia among women of reproductive age (% of women ages 15-49),SH.ANM.ALLW.ZS,29,28.9,28.9,29,29.1,29.2,29.3,29.4,29.6,29.8,30.1,30.5,..,..
Kazakhstan,KAZ,Prevalence of current tobacco use (% of adults),SH.PRV.SMOK,..,..,..,25.7,..,..,..,..,23.1,22.7,22.2,..,..,..
Kazakhstan,KAZ,"Prevalence of current tobacco use, females (% of female adults)",SH.PRV.SMOK.FE,..,..,..,8.3,..,..,..,..,7.3,7.2,7,..,..,..
Kazakhstan,KAZ,"Prevalence of current tobacco use, males (% of male adults)",SH.PRV.SMOK.MA,..,..,..,43.1,..,..,..,..,38.9,38.2,37.4,..,..,..
Kazakhstan,KAZ,"Prevalence of HIV, female (% ages 15-24)",SH.HIV.1524.FE.ZS,0.1,0.1,0.1,0.1,0.1,0.1,0.1,0.1,0.1,0.1,0.1,0.1,0.1,..
Kazakhstan,KAZ,"Prevalence of HIV, male (% ages 15-24)",SH.HIV.1524.MA.ZS,0.1,0.1,0.1,0.1,0.1,0.1,0.1,0.1,0.1,0.1,0.1,0.1,0.1,..
Kazakhstan,KAZ,"Prevalence of HIV, total (% of population ages 15-49)",SH.DYN.AIDS.ZS,0.2,0.2,0.2,0.2,0.3,0.3,0.3,0.3,0.3,0.3,0.3,0.3,0.3,..
Kazakhstan,KAZ,Prevalence of moderate or severe food insecurity in the population (%),SN.ITK.MSFI.ZS,..,..,..,..,..,2.1,2.4,2.6,2.8,2.4,2.2,2,..,..
Kazakhstan,KAZ,"Prevalence of overweight, weight for height (% of children under 5)",SH.STA.OWGH.ZS,..,..,..,9.3,..,..,..,..,..,..,..,..,..,..
Kazakhstan,KAZ,"Prevalence of overweight, weight for height (modeled estimate, % of children under 5)",SH.STA.OWGH.ME.ZS,11.8,11.4,11,10.6,10.2,9.7,9.4,9.1,8.9,8.7,8.6,8.6,8.7,..
Kazakhstan,KAZ,"Prevalence of overweight, weight for height, female (% of children under 5)",SH.STA.OWGH.FE.ZS,..,..,..,10,..,..,..,..,..,..,..,..,..,..
Kazakhstan,KAZ,"Prevalence of overweight, weight for height, female (modeled estimate, % of children under 5)",SH.STA.OWGH.ME.FE.ZS,11,10.6,10.2,9.9,9.5,9.1,8.8,8.5,8.3,8.1,8.1,8.1,8.1,..
Kazakhstan,KAZ,"Prevalence of overweight, weight for height, male (% of children under 5)",SH.STA.OWGH.MA.ZS,..,..,..,8.7,..,..,..,..,..,..,..,..,..,..
Kazakhstan,KAZ,"Prevalence of overweight, weight for height, male (modeled estimate, % of children under 5)",SH.STA.OWGH.ME.MA.ZS,12.5,12.1,11.7,11.2,10.8,10.4,10,9.7,9.5,9.3,9.2,9.2,9.3,..
Kazakhstan,KAZ,Prevalence of severe food insecurity in the population (%),SN.ITK.SVFI.ZS,..,..,..,..,..,0,0,0,0,0.5,0.6,0.6,..,..
Kazakhstan,KAZ,"Prevalence of severe wasting, weight for height (% of children under 5)",SH.SVR.WAST.ZS,..,..,..,1.1,..,..,..,..,..,..,..,..,..,..
Kazakhstan,KAZ,"Prevalence of severe wasting, weight for height, female (% of children under 5)",SH.SVR.WAST.FE.ZS,..,..,..,1,..,..,..,..,..,..,..,..,..,..
Kazakhstan,KAZ,"Prevalence of severe wasting, weight for height, male (% of children under 5)",SH.SVR.WAST.MA.ZS,..,..,..,1.1,..,..,..,..,..,..,..,..,..,..
Kazakhstan,KAZ,"Prevalence of stunting, height for age (% of children under 5)",SH.STA.STNT.ZS,..,..,..,8,..,..,..,..,..,..,..,..,..,..
Kazakhstan,KAZ,"Prevalence of stunting, height for age (modeled estimate, % of children under 5)",SH.STA.STNT.ME.ZS,11.2,10.4,9.7,8.9,8.1,7.5,6.8,6.2,5.7,5.3,4.9,4.6,4.4,..
Kazakhstan,KAZ,"Prevalence of stunting, height for age, female (% of children under 5)",SH.STA.STNT.FE.ZS,..,..,..,8.3,..,..,..,..,..,..,..,..,..,..
Kazakhstan,KAZ,"Prevalence of stunting, height for age, female (modeled estimate, % of children under 5)",SH.STA.STNT.ME.FE.ZS,10.5,9.8,9.1,8.3,7.6,7,6.3,5.8,5.3,4.9,4.6,4.3,4.2,..
Kazakhstan,KAZ,"Prevalence of stunting, height for age, male (% of children under 5)",SH.STA.STNT.MA.ZS,..,..,..,7.7,..,..,..,..,..,..,..,..,..,..
Kazakhstan,KAZ,"Prevalence of stunting, height for age, male (modeled estimate, % of children under 5)",SH.STA.STNT.ME.MA.ZS,11.8,11,10.2,9.4,8.5,7.9,7.2,6.5,6,5.6,5.2,4.9,4.7,..
Kazakhstan,KAZ,Prevalence of undernourishment (% of population),SN.ITK.DEFC.ZS,2.6,2.5,2.5,2.5,2.5,2.5,2.5,2.5,2.5,2.5,2.5,2.5,..,..
Kazakhstan,KAZ,"Prevalence of underweight, weight for age (% of children under 5)",SH.STA.MALN.ZS,..,..,..,2,..,..,..,..,..,..,..,..,..,..
Kazakhstan,KAZ,"Prevalence of underweight, weight for age, female (% of children under 5)",SH.STA.MALN.FE.ZS,..,..,..,2,..,..,..,..,..,..,..,..,..,..
Kazakhstan,KAZ,"Prevalence of underweight, weight for age, male (% of children under 5)",SH.STA.MALN.MA.ZS,..,..,..,1.9,..,..,..,..,..,..,..,..,..,..
Kazakhstan,KAZ,"Prevalence of wasting, weight for height (% of children under 5)",SH.STA.WAST.ZS,..,..,..,3.1,..,..,..,..,..,..,..,..,..,..
Kazakhstan,KAZ,"Prevalence of wasting, weight for height, female (% of children under 5)",SH.STA.WAST.FE.ZS,..,..,..,3.3,..,..,..,..,..,..,..,..,..,..
Kazakhstan,KAZ,"Prevalence of wasting, weight for height, male (% of children under 5)",SH.STA.WAST.MA.ZS,..,..,..,2.9,..,..,..,..,..,..,..,..,..,..
Kazakhstan,KAZ,Price level index (GDP),PA.NUS.GDP.PLI,56.2487667758635,56.7415318817594,51.872655894232,45.347611831156,32.4698717092615,37.3047248965348,37.7448068960849,32.9639819671096,30.239536891224,30.3030595939351,31.3562148170823,33.4398705176202,34.615578279353,..
Kazakhstan,KAZ,Price level index (Households and NPISHs Final consumption expenditure),PA.NUS.PRVT.PLI,53.9116074961191,60.5510762108111,54.3322231533498,47.2332549357244,33.9484685872858,38.5032194461019,38.0542713266909,34.4861221507563,33.1075767228967,33.4253455191085,32.9492590395849,36.5618697235207,37.5474773750257,..
Kazakhstan,KAZ,"Primary completion rate, female (% of relevant age group)",SE.PRM.CMPT.FE.ZS,97.0763587300249,95.5241968279789,95.5303363626709,93.188453952252,92.8614374404669,95.1730326210083,98.055698690218,95.6825692978913,96.830241711911,92.9505950621927,100.27414369787,102.001628443479,93.3115698018148,97.3191086112555
Kazakhstan,KAZ,"Primary completion rate, male (% of relevant age group)",SE.PRM.CMPT.MA.ZS,96.6527331708655,98.9186746501832,95.7808842605677,93.2032941462131,93.7710491915179,94.7601587830672,96.5670935713512,95.4296932037575,98.7542948587207,94.3270735524257,100.772976851404,104.106466174495,95.4593311415489,98.8258307383027
Kazakhstan,KAZ,"Primary completion rate, total (% of relevant age group)",SE.PRM.CMPT.ZS,96.8598844569435,95.46553712763,95.6584745731303,93.1960485168131,93.3271352178242,94.9615543407741,97.2928052531496,95.5529372626209,97.8156067877957,93.6535645461931,100.5284526481,103.073237596239,94.4040134083406,98.0850637477144
Kazakhstan,KAZ,"Primary education, duration (years)",SE.PRM.DURS,4,4,4,4,4,4,4,4,4,4,4,4,4,4
Kazakhstan,KAZ,"Primary education, pupils",SE.PRM.ENRL,1008459,1056915,1122282,1196027,1273774,1356500,1406967,1461448,1513077,1525544,1558744,1573512,1565683,1576627
Kazakhstan,KAZ,"Primary education, pupils (% female)",SE.PRM.ENRL.FE.ZS,48.82281,48.78382,48.72091,48.70358,48.66923,48.97339,48.96945,48.99271,..,..,..,..,..,..
Kazakhstan,KAZ,"Primary education, teachers",SE.PRM.TCHR,62285,64124,66578,73827,68663,65356,71641,84896,90047,94887,105750,112623,113675,113317
Kazakhstan,KAZ,"Primary education, teachers (% female)",SE.PRM.TCHR.FE.ZS,98.3719996788954,98.3781423491984,98.4949983478026,98.0115675836754,96.6138968585701,98.8447885427505,98.1937717228961,94.6028081417263,92.8881584061657,92.582756331215,92.0151300236407,91.7636717189206,91.4897734770178,91.4425902556545
Kazakhstan,KAZ,Primary government expenditures as a proportion of original approved budget (%),GF.XPD.BUDG.ZS,105.286,96.3374,105.2537,91.056,111.0062,130.3111,107.4837,116.3024,98.27007,99.14975,113.7189,99.5572,97.8192,..
Kazakhstan,KAZ,"Primary income payments (BoP, current US$)",BM.GSR.FCTY.CD,30206631986.5092,27468083442.2404,24916749509.8961,13876350731.8525,15705974875.1836,20586800527.616,24581502904.405,25240926058.3877,17236154552.7132,26398886442.4091,29378895203.1124,30389990387.8117,28578018872.2654,..
Kazakhstan,KAZ,"Primary income receipts (BoP, current US$)",BX.GSR.FCTY.CD,2089557315.25432,2320364177.5156,2215564127.05328,2258420727.00247,2256263865.45247,2448334142.1817,2620854024.66929,2516380492.12279,2063807628.58385,2225491747.84345,3481368683.08872,3870387880.75772,5074374951.98136,..
Kazakhstan,KAZ,Primary school age children out-of-school (%),SE.LPV.PRIM.SD,..,..,..,..,1.22705841064453,..,..,..,..,1.22705841064453,..,..,..,..
Kazakhstan,KAZ,Primary school starting age (years),SE.PRM.AGES,7,7,7,7,7,7,7,7,6,6,6,6,6,6
Kazakhstan,KAZ,"Probability of dying among adolescents ages 10-14 years (per 1,000)",SH.DYN.1014,1.8,1.7,1.6,1.6,1.5,1.5,1.4,1.4,1.4,1.4,1.4,1.4,1.4,..
Kazakhstan,KAZ,"Probability of dying among adolescents ages 15-19 years (per 1,000)",SH.DYN.1519,3.9,3.6,3.4,3.3,3.1,3,3,3,2.9,2.9,2.9,2.8,2.7,..
Kazakhstan,KAZ,"Probability of dying among children ages 5-9 years (per 1,000)",SH.DYN.0509,1.7,1.6,1.5,1.5,1.4,1.4,1.3,1.3,1.3,1.3,1.2,1.2,1.2,..
Kazakhstan,KAZ,"Probability of dying among youth ages 20-24 years (per 1,000)",SH.DYN.2024,6.4,5.9,5.4,5.1,4.8,4.5,4.4,4.3,4.2,4.1,4,3.8,3.7,..
Kazakhstan,KAZ,Progression to secondary school (%),SE.SEC.PROG.ZS,99.92183,99.75252,99.68696,99.92889,99.14873,99.67997,99.53347,..,..,..,..,..,..,..
Kazakhstan,KAZ,"Progression to secondary school, female (%)",SE.SEC.PROG.FE.ZS,100,99.84843,99.93727,99.87178,100,99.70243,99.53135,..,..,..,..,..,..,..
Kazakhstan,KAZ,"Progression to secondary school, male (%)",SE.SEC.PROG.MA.ZS,99.84671,99.66062,99.44845,99.98336,98.34515,99.6585,99.53553,..,..,..,..,..,..,..
Kazakhstan,KAZ,Proportion of people living below 50 percent of median income (%),SI.DST.50MD,5.1,4.3,4.3,3.7,4.5,4,3.8,3.7,3.2,3.1,..,..,..,..
Kazakhstan,KAZ,Proportion of population facing financial hardship due to out-of-pocket health expenditure (%),SH_UHC_FH40,12.68,11.23,11.65,11.2,9.66,..,9.77,..,..,..,..,..,..,..
Kazakhstan,KAZ,"Proportion of population facing impoverishing out-of-pocket health expenditure, based on the societal poverty line (%)",SH_UHC_FH40_IMPOV,10.26,9.05,9.27,9.04,7.03,..,7.05,..,..,..,..,..,..,..
Kazakhstan,KAZ,Proportion of population facing large (but non-impoverishing) out-of-pocket health expenditure (%),SH_UHC_FH40_LARGE,2.42,2.18,2.38,2.16,2.63,..,2.72,..,..,..,..,..,..,..
Kazakhstan,KAZ,"Proportion of population further impoverished due to out-of-pocket health expenditure, based on the societal poverty line (%)",SH_UHC_FH40_FURTHER,8.92,8.1,8.06,7.73,6.01,..,5.99,..,..,..,..,..,..,..
Kazakhstan,KAZ,Proportion of population pushed into poverty (based on the societal poverty line) due to out-of-pocket health expenditure (%),SH_UHC_FH40_PUSHED,1.34,0.95,1.2,1.31,1.02,..,1.06,..,..,..,..,..,..,..
Kazakhstan,KAZ,Proportion of seats held by women in national parliaments (%),SG.GEN.PARL.ZS,24.2990654205607,24.2990654205607,25.2173913043478,26.1682242990654,27.1028037383178,27.1028037383178,27.1028037383178,27.1028037383178,27.1028037383178,27.1028037383178,27.3584905660377,18.3673469387755,19.3877551020408,18.3673469387755
Kazakhstan,KAZ,"Proportion of time spent on unpaid domestic and care work, female (% of 24 hour day)",SG.TIM.UWRK.FE,17.08333,..,..,..,..,..,18.95833,..,..,..,..,..,..,..
Kazakhstan,KAZ,"Proportion of time spent on unpaid domestic and care work, male (% of 24 hour day)",SG.TIM.UWRK.MA,7.70833,..,..,..,..,..,6.25,..,..,..,..,..,..,..
Kazakhstan,KAZ,Proportion of women subjected to physical and/or sexual violence in the last 12 months (% of ever-partnered women ages 15-49),SG.VAW.1549.ZS,..,..,..,..,..,..,..,..,..,..,..,..,..,..
Kazakhstan,KAZ,Prosperity gap (average shortfall from a prosperity standard of $28/day),SI.SPR.PGAP,2.6,2.5,2.5,2.6,2.9,2.7,2.5,2.5,2.5,2.4,..,..,..,..
Kazakhstan,KAZ,"Public and publicly guaranteed debt service (% of exports of goods, services and primary income)",DT.TDS.DPPG.XP.ZS,0.349404223357885,0.593983450796803,1.23517815303761,2.51828538252361,3.76186480906824,4.24779283568674,3.15149493080058,5.52979107784126,8.57763714452548,4.07954792762983,7.83459787002895,6.59859701862572,5.79087124081293,..
Kazakhstan,KAZ,Public and publicly guaranteed debt service (% of GNI),DT.TDS.DPPG.GN.ZS,0.183357543099206,0.269598537506934,0.493067852211134,0.730008306474242,1.37809711318976,1.669393095204,1.38191817168588,2.42835540415619,2.82259119541582,1.7446304028445,3.81201187986062,2.65890597642681,2.07200985897783,..
Kazakhstan,KAZ,Public private partnerships investment in energy (current US$),IE.PPN.ENGY.CD,..,..,..,..,..,..,52400000,553600000,265480000,27900000,..,194530000,..,..
Kazakhstan,KAZ,Public private partnerships investment in ICT (current US$),IE.PPN.ICTI.CD,..,..,..,..,..,..,..,..,..,..,..,..,..,..
Kazakhstan,KAZ,Public private partnerships investment in transport (current US$),IE.PPN.TRAN.CD,..,..,..,..,..,..,..,..,585000000,300000000,..,24150000,..,..
Kazakhstan,KAZ,Public private partnerships investment in water and sanitation (current US$),IE.PPN.WATR.CD,..,..,..,..,..,..,..,..,..,..,..,..,..,..
Kazakhstan,KAZ,Pupils below minimum reading proficiency at end of primary (%). Low GAML threshold,SE.LPV.PRIM.LD,..,..,..,..,1.90771460533142,..,..,..,..,9.30203819274902,..,..,..,..
Kazakhstan,KAZ,"Pupil-teacher ratio, lower secondary",SE.SEC.ENRL.LO.TC.ZS,..,..,..,..,..,..,..,..,..,..,..,..,..,..
Kazakhstan,KAZ,"Pupil-teacher ratio, preprimary",SE.PRE.ENRL.TC.ZS,9.65974,9.47393,9.34928,..,..,..,..,..,..,..,..,..,..,..
Kazakhstan,KAZ,"Pupil-teacher ratio, primary",SE.PRM.ENRL.TC.ZS,16.19104,16.48238,16.85665,16.2004,18.5511,20.75555,19.63913,17.21457,..,..,..,..,..,..
Kazakhstan,KAZ,"Pupil-teacher ratio, secondary",SE.SEC.ENRL.TC.ZS,..,..,..,7.50668,6.79388,6.59153,6.95898,7.67993,..,..,..,..,..,..
Kazakhstan,KAZ,"Pupil-teacher ratio, tertiary",SE.TER.ENRL.TC.ZS,15.90263,14.6531,..,12.97519,16.37131,13.43373,16.54056,15.07117,..,..,..,..,..,..
Kazakhstan,KAZ,"Pupil-teacher ratio, upper secondary",SE.SEC.ENRL.UP.TC.ZS,..,..,..,..,..,..,..,..,..,..,..,..,..,..
Kazakhstan,KAZ,Rail lines (total route-km),IS.RRS.TOTL.KM,14758.9,14767.1,14767.1,14767.1,15529,16040.3,16060.8,16060.8,16063,16005.6,..,..,..,..
Kazakhstan,KAZ,"Railways, goods transported (million ton-km)",IS.RRS.GOOD.MT.K6,232939.6,229142.2,214110.9,235580.4,236971.7,262097.5,283117.8,289174,302156.1,..,..,..,..,..
Kazakhstan,KAZ,"Railways, passengers carried (million passenger-km)",IS.RRS.PASG.KM,19081.1,20619,23750.5,21614.8,17321.8,17961.5,18509.5,17700,8649.3,..,..,..,..,..
Kazakhstan,KAZ,Ratio of female to male labor force participation rate (%) (modeled ILO estimate),SL.TLF.CACT.FM.ZS,86.78573305998,86.645276667368,86.4116355220073,86.0025750847413,85.5832206749006,85.3433791872309,85.1087855670374,84.9070973672116,84.3717253180172,85.2206068183934,84.9812955306163,85.2347497837314,85.4728491386082,85.3842694179058
Kazakhstan,KAZ,Ratio of female to male labor force participation rate (%) (national estimate),SL.TLF.CACT.FM.NE.ZS,..,86.2871927554981,..,85.222428114188,..,83.7270341207349,..,..,84.3708609271523,..,84.8525469168901,..,..,..
Kazakhstan,KAZ,Real effective exchange rate index (2010 = 100),PX.REX.REER,..,..,..,..,..,..,..,..,..,..,..,..,..,..
Kazakhstan,KAZ,Real interest rate (%),FR.INR.RINR,..,..,..,..,..,..,..,..,..,..,..,..,..,..
Kazakhstan,KAZ,Refugees under the mandate of the UNHCR by country or territory of asylum,SM.POP.RHCR.EA,561,580,628,701,647,602,568,518,440,352,308,42685,65833,..
Kazakhstan,KAZ,Refugees under the mandate of the UNHCR by country or territory of origin,SM.POP.RHCR.EO,3567,2114,2219,2263,2366,2406,2520,2757,2741,3198,3666,3795,4119,..
Kazakhstan,KAZ,Refugees under the mandate of the UNRWA by country or territory of asylum,SM.POP.RRWA.EA,..,..,..,..,..,..,..,..,..,..,..,..,..,..
Kazakhstan,KAZ,Refugees under the mandate of the UNRWA by country or territory of origin,SM.POP.RRWA.EO,..,..,..,..,..,..,..,..,..,..,..,..,..,..
Kazakhstan,KAZ,Renewable electricity output (% of total electricity output),EG.ELC.RNEW.ZS,8.19145199694022,7.50480671290682,8.7306263770853,10.3259180252933,12.7040647143928,11.3313888135199,10.2450466525408,10.5762418481058,10.9314906664262,10.9976885243053,..,..,..,..
Kazakhstan,KAZ,Renewable energy consumption (% of total final energy consumption),EG.FEC.RNEW.ZS,1.3,1.2,1.3,1.7,2.1,2,1.9,1.9,1.8,2,..,..,..,..
Kazakhstan,KAZ,Renewable internal freshwater resources per capita (cubic meters),ER.H2O.INTR.PC,3718.34079832864,3665.30872721684,3611.86408951137,3558.36090671349,3504.21485983141,3450.04493100473,3398.87645345544,3349.89540361554,3303.02913179302,3259.28352590963,3211.94189514754,..,..,..
Kazakhstan,KAZ,"Renewable internal freshwater resources, total (billion cubic meters)",ER.H2O.INTR.K3,64.35,64.35,64.35,64.35,64.35,64.35,64.35,64.35,64.35,64.35,64.35,..,..,..
Kazakhstan,KAZ,"Repeaters, primary, female (% of female enrollment)",SE.PRM.REPT.FE.ZS,0.03209,0.03646,0.03127,0.01665,0.03565,0.02574,0.03295,0.02863,..,..,..,..,..,..
Kazakhstan,KAZ,"Repeaters, primary, male (% of male enrollment)",SE.PRM.REPT.MA.ZS,0.07266,0.05524,0.05387,0.05493,0.05246,0.04406,0.05529,0.04642,..,..,..,..,..,..
Kazakhstan,KAZ,"Repeaters, primary, total (% of total enrollment)",SE.PRM.REPT.ZS,0.05285,0.04608,0.04286,0.03629,0.04428,0.03509,0.04435,0.0377,..,..,..,..,..,..
Kazakhstan,KAZ,Research and development expenditure (% of GDP),GB.XPD.RSDV.GD.ZS,0.16525,0.17132,0.16722,0.16951,0.14179,0.12667,0.11683,0.11841,0.12602,0.13023,0.11715,0.14449,0.16242,..
Kazakhstan,KAZ,Researchers in R&D (per million people),SP.POP.SCIE.RD.P6,596.79809,720.18538,781.43387,760.84725,678.87213,650.77119,650.01155,619.64887,668.82871,609.97284,661.69455,693.05803,758.00637,..
Kazakhstan,KAZ,"Reserves and related items (BoP, current US$)",BN.RES.INCL.CD,-4306492256.3798,-2379747202.81865,4254881206.05878,-767844257.371621,-72140002.8898973,-1365368752.87466,-1526404956.60953,-6599674264.67296,-3192579163.92816,-4793546110.15696,-2180034139.60692,-5921850259.32077,-892820261.911165,..
Kazakhstan,KAZ,"Revenue, excluding grants (% of GDP)",GC.REV.XGRT.GD.ZS,22.5240272320204,20.5323161254745,19.4543873797191,13.6664367402631,13.7478560018445,16.1673016065409,16.0036830878528,14.9385166774639,11.8421559935191,12.3381823490202,16.8877605760788,16.5366535632741,..,..
Kazakhstan,KAZ,"Revenue, excluding grants (current LCU)",GC.REV.XGRT.CN,6985869075845.95,7391433635620.9,7718690228496.03,5587404255248.66,6457526064410.4,8791593950718,9893402691835.8,10387143005981.2,8366368719457.1,10358100000000,17523672274143.5,19751757655731.2,..,..
Kazakhstan,KAZ,Risk of catastrophic expenditure for surgical care (% of people at risk),SH.SGR.CRSK.ZS,1.2,0.5,0.4,0.9,1.5,1.3,1.2,1.1,0.6,0.4,0.4,..,..,..
Kazakhstan,KAZ,Risk of impoverishing expenditure for surgical care (% of people at risk),SH.SGR.IRSK.ZS,1.3,0.7,0.7,0.7,0.8,0.8,0.8,0.7,0.7,0.5,0.7,..,..,..
Kazakhstan,KAZ,"Risk premium on lending (lending rate minus treasury bill rate, %)",FR.INR.RISK,..,..,..,..,..,..,..,..,..,..,..,..,..,..
Kazakhstan,KAZ,Rural land area (sq. km),AG.LND.TOTL.RU.K2,..,..,..,2636600.48488,..,..,..,..,..,..,..,..,..,..
Kazakhstan,KAZ,Rural land area where elevation is below 5 meters (% of total land area),AG.LND.EL5M.RU.ZS,..,..,..,0,..,..,..,..,..,..,..,..,..,..
Kazakhstan,KAZ,Rural land area where elevation is below 5 meters (sq. km),AG.LND.EL5M.RU.K2,..,..,..,0,..,..,..,..,..,..,..,..,..,..
Kazakhstan,KAZ,Rural population,SP.RUR.TOTL,7841036,7886736,7918905,7937032,7942693,7934784,7906533,7859926,7795356,7694032,7724512,7775026,7810241,..
Kazakhstan,KAZ,Rural population (% of total population),SP.RUR.TOTL.ZS,45.30791807162,44.9220235178748,44.4475638212822,43.8893951069118,43.2523734998333,42.5413551251163,41.7611961078305,40.9167525730454,40.0128806458308,38.969745719733,38.555842672752,38.2439080500819,37.927468415838,..
Kazakhstan,KAZ,Rural population growth (annual %),SP.RUR.TOTL.ZG,0.753651987509306,0.581139256291876,0.407057763983752,0.228646315852517,0.0712984669421327,-0.0996254084216914,-0.356675268225671,-0.591218811506391,-0.824901987016762,-1.3083208361903,0.395368586091336,0.651815284378437,0.451901913886658,..
Kazakhstan,KAZ,Rural population living in areas where elevation is below 5 meters (% of total population),EN.POP.EL5M.RU.ZS,..,..,..,0,..,..,..,..,..,..,..,..,..,..
Kazakhstan,KAZ,S&P Global Equity Indices (annual % change),CM.MKT.INDX.ZG,-12.6820854949153,-22.511704018824,-15.9849827233502,-47.6355250258743,29.601295685306,80.2536960906839,-38.2867610697639,0.205847008681758,7.18359011026497,59.8723067655494,-19.1095830444483,..,..,..
Kazakhstan,KAZ,"School enrollment, preprimary (% gross)",SE.PRE.ENRR,53.9613800048828,57.6641693115234,57.5822486877441,60.6941108703613,59.7403106689453,52.981014251709,55.3844223022461,62.482120513916,74.1345901489258,..,..,..,..,..
Kazakhstan,KAZ,"School enrollment, preprimary, female (% gross)",SE.PRE.ENRR.FE,53.8480682373047,57.5721282958984,57.5304718017578,63.9631805419922,60.0134811401367,53.6588706970215,..,63.0937385559082,73.5562896728516,..,..,..,..,..
Kazakhstan,KAZ,"School enrollment, preprimary, male (% gross)",SE.PRE.ENRR.MA,54.0685882568359,57.7511215209961,57.6310997009277,57.6117515563965,59.4828414916992,52.3415412902832,..,61.9038314819336,74.6808624267578,..,..,..,..,..
Kazakhstan,KAZ,"School enrollment, primary (% gross)",SE.PRM.ENRR,95.6735941529056,94.8001054814475,94.6582153565871,95.0759557064159,95.5584446566675,97.3418813354746,97.418791535514,99.0552309326299,98.9588592775913,98.2733886173645,99.223902183157,98.9804493873135,97.5368516005886,97.332988440748
Kazakhstan,KAZ,"School enrollment, primary (% net)",SE.PRM.NENR,86.31897,86.15113,86.52115,86.31191,87.3628,86.24057,87.58681,86.85584,..,..,..,..,..,..
Kazakhstan,KAZ,"School enrollment, primary (gross), gender parity index (GPI)",SE.ENR.PRIM.FM.ZS,1.0047299861908,1.00279998779297,1.00077998638153,1.00178003311157,1.00264000892639,1.01660001277924,1.01719999313354,1.01801002025604,0.997829973697662,..,..,..,..,..
Kazakhstan,KAZ,"School enrollment, primary and secondary (gross), gender parity index (GPI)",SE.ENR.PRSC.FM.ZS,1.00756001472473,1.01269996166229,1.0152599811554,1.02092003822327,1.01620995998383,1.01248002052307,1.01218998432159,1.01346004009247,0.999840021133423,..,..,..,..,..
Kazakhstan,KAZ,"School enrollment, primary, female (% gross)",SE.PRM.ENRR.FE,95.5942141539656,94.6934607656961,94.486531695617,94.9207890783114,95.3863623425001,97.8348399030376,97.9590211832417,99.6075534484102,98.3010524370994,97.4036004912746,98.3685005477658,97.8775837304036,96.3595256712624,96.1966691029283
Kazakhstan,KAZ,"School enrollment, primary, female (% net)",SE.PRM.NENR.FE,..,..,..,..,..,..,..,..,..,..,..,..,..,..
Kazakhstan,KAZ,"School enrollment, primary, male (% gross)",SE.PRM.ENRR.MA,95.7494452813666,94.9019092200074,94.8219131586709,95.2237494800494,95.7221787900881,96.8734080132565,96.9059544585218,98.5304594594237,99.5871176618763,99.1104363501217,100.049023224753,100.045882792345,98.6751193715853,98.4317435029374
Kazakhstan,KAZ,"School enrollment, primary, male (% net)",SE.PRM.NENR.MA,..,..,..,..,..,..,..,..,..,..,..,..,..,..
Kazakhstan,KAZ,"School enrollment, primary, private (% of total primary)",SE.PRM.PRIV.ZS,0.853079974651337,0.908869981765747,0.89139997959137,0.928160011768341,0.88170999288559,0.842610001564026,0.913030028343201,1.06052005290985,1.62721002101898,..,..,..,..,..
Kazakhstan,KAZ,"School enrollment, secondary (% gross)",SE.SEC.ENRR,99.0180187395814,97.6500312583517,98.522388891969,98.2120601574997,97.0463003338151,96.5061709309357,96.1156212742477,96.5371355057456,91.9490206290752,94.310522086739,94.0433413378673,95.2393054334066,97.198884231219,97.6167311117902
Kazakhstan,KAZ,"School enrollment, secondary (% net)",SE.SEC.NENR,93.62616,93.57774,96.95453,98.20578,98.66864,99.83544,99.83695,99.83989,..,..,..,..,..,..
Kazakhstan,KAZ,"School enrollment, secondary (gross), gender parity index (GPI)",SE.ENR.SECO.FM.ZS,1.0095100402832,1.01926004886627,1.02521002292633,1.03478002548218,1.0263500213623,1.00917994976044,1.00812995433807,1.00978004932404,1.00129997730255,..,..,..,..,..
Kazakhstan,KAZ,"School enrollment, secondary, female (% gross)",SE.SEC.ENRR.FE,98.2057617758137,97.505296092687,98.8825340771977,99.2999761450382,98.0107832338107,96.6959328368217,96.2488486443621,96.758870906544,91.6816314447458,93.9223187700412,93.6981837228001,94.8671029040021,96.7445196567945,97.068308300432
Kazakhstan,KAZ,"School enrollment, secondary, female (% net)",SE.SEC.NENR.FE,..,..,..,..,..,..,..,..,..,..,..,..,..,..
Kazakhstan,KAZ,"School enrollment, secondary, male (% gross)",SE.SEC.ENRR.MA,99.8174147668808,97.7913730673642,98.1734005884766,97.1653977015187,96.1231870789179,96.3247323478906,95.9883075171935,96.3253500599431,92.2040719192436,94.6810591083575,94.372893689819,95.5950932366574,97.6338650217177,98.1427803100987
Kazakhstan,KAZ,"School enrollment, secondary, male (% net)",SE.SEC.NENR.MA,..,..,..,..,..,..,..,..,..,..,..,..,..,..
Kazakhstan,KAZ,"School enrollment, secondary, private (% of total secondary)",SE.SEC.PRIV.ZS,5.08360004425049,4.92312002182007,5.58483982086182,5.55078983306885,5.33475017547607,4.7778902053833,4.69180011749268,4.67052984237671,4.7248101234436,..,..,..,..,..
Kazakhstan,KAZ,"School enrollment, tertiary (% gross)",SE.TER.ENRR,52.1525037230692,45.8669276379862,51.0877733655657,48.3464575023644,46.0492258820674,49.9712092283595,51.9662639587064,57.3421123781351,62.2921373672319,59.3849415869809,57.2459264222925,54.6563982045582,53.4564204414133,52.8612860406142
Kazakhstan,KAZ,"School enrollment, tertiary (gross), gender parity index (GPI)",SE.ENR.TERT.FM.ZS,1.20432448420452,1.17793607247397,1.18448924395154,1.18964992323791,1.15780449304214,1.18054990033071,1.17111516860805,1.17326470111301,1.16354430390764,1.17177405469217,1.18331979847877,1.17247888036709,1.16527681625732,1.17262486302981
Kazakhstan,KAZ,"School enrollment, tertiary, female (% gross)",SE.TER.ENRR.FE,58.0417542618071,50.3136509780666,56.2437528967015,53.3817275538811,49.9797136641103,54.9374917142779,56.8632416667494,62.8662608612947,67.9651341780338,65.0919364629015,63.15518036521,59.9310187694943,58.382587764246,57.9742572754539
Kazakhstan,KAZ,"School enrollment, tertiary, male (% gross)",SE.TER.ENRR.MA,46.1824027599376,41.3610375312033,45.8673854477918,43.2578870209804,42.0926902869543,45.0185330608461,47.1330784813435,51.9737569630699,56.849823618898,53.9108306089039,51.5775854277691,49.5941837528728,48.733299533708,47.9664590540237
Kazakhstan,KAZ,Scientific and technical journal articles,IP.JRN.ARTC.SC,447.55,621.51,906.72,1110.37,1470.61,1690.02,1973.65,2413.12,2907,3294.93,3550.75,..,..,..
Kazakhstan,KAZ,"Secondary education, duration (years)",SE.SEC.DURS,7,7,7,7,7,7,7,7,7,7,7,7,7,7
Kazakhstan,KAZ,"Secondary education, general pupils",SE.SEC.ENRL.GC,1533403,1494586,1475996,1489036,1525811,1574083,1643803,1724786,..,..,..,..,..,..
Kazakhstan,KAZ,"Secondary education, general pupils (% female)",SE.SEC.ENRL.GC.FE.ZS,49.50199,49.51418,49.56355,49.76804,49.56721,49.73632,49.71234,49.69161,..,..,..,..,..,..
Kazakhstan,KAZ,"Secondary education, pupils",SE.SEC.ENRL,1718429,1658826,1661586.00000639,1679274,1711461,1766641,1842919,1926999,2023192,2158467,2253412,2375914,2501909,2574530
Kazakhstan,KAZ,"Secondary education, pupils (% female)",SE.SEC.ENRL.FE.ZS,49.19412,49.33369,49.39323,49.57684,49.36763,48.95656,48.93286,48.956,..,..,..,..,..,..
Kazakhstan,KAZ,"Secondary education, teachers",SE.SEC.TCHR,..,..,..,223704,252152,268245,264826,251053,244451,259894,270169,251366,251627,..
Kazakhstan,KAZ,"Secondary education, teachers (% female)",SE.SEC.TCHR.FE.ZS,..,..,..,74.5972356328005,75.2268472984549,77.1473839214151,75.4914547665259,75.3968285581132,75.7026970640333,75.8932487860435,75.4094659268828,73.8942418624635,74.4200741573837,..
Kazakhstan,KAZ,"Secondary education, teachers, female",SE.SEC.TCHR.FE,..,..,..,166877,189686,206944,199921,189286,185056,197242,203733,185745,187261,..
Kazakhstan,KAZ,"Secondary education, vocational pupils",SE.SEC.ENRL.VO,185026,164240,185590,190238,187279,194062,199116,203284,..,..,..,..,..,..
Kazakhstan,KAZ,"Secondary education, vocational pupils (% female)",SE.SEC.ENRL.VO.FE.ZS,46.64263,47.69118,48.03869,48.0803,47.7416,42.63174,42.49784,42.71463,..,..,..,..,..,..
Kazakhstan,KAZ,"Secondary income receipts (BoP, current US$)",BX.TRF.CURR.CD,2733343254.25379,3184733599.71502,2762612145.599,1851805407.93389,1701475290.83296,2088565134.38632,2965475087.83753,3047978468.54258,3387066649.77873,1854815349.96814,1871129038.22385,2052128958.52991,2121145237.63498,..
Kazakhstan,KAZ,"Secondary income, other sectors, payments (BoP, current US$)",BM.TRF.PRVT.CD,1554812811.94825,1981915326.97736,1984394890.33543,1698006515.30235,1290087927.73179,1535762165.57488,1395756852.51544,1332144133.01889,1427923002.66831,1766942824.06923,1411888692.13156,1304353337.28196,1087039645.45015,..
Kazakhstan,KAZ,Secure Internet servers,IT.NET.SECR,202,296,465,845,4701,22227,25115,43674,62033,85736,99054,118202,142380,..
Kazakhstan,KAZ,Secure Internet servers (per 1 million people),IT.NET.SECR.P6,11.6721809053984,16.8598505556517,26.0997171969353,46.7259513002782,255.995556426844,1191.67286218247,1326.53896081637,2273.55605062168,3184.09955139885,4342.46981161442,4944.14440531382,5814.13651400898,6914.14394055021,..
Kazakhstan,KAZ,"Self-employed, female (% of female employment) (modeled ILO estimate)",SL.EMP.SELF.FE.ZS,31.3063790974025,29.6384839048354,27.6239613635511,25.6576757618018,25.6020601152855,25.56806781558,25.5303303521959,25.4828136696287,25.2685491442985,25.1253040785303,25.5294622082272,25.5018830586804,25.4380278911034,25.3705663851493
Kazakhstan,KAZ,"Self-employed, male (% of male employment) (modeled ILO estimate)",SL.EMP.SELF.MA.ZS,31.3944064737072,31.1837064581286,29.6984445888179,28.2317183440273,28.2092031058876,28.1663504389053,28.1072093161811,28.0110652146915,27.6788531079963,27.4852674911719,27.0563321767676,27.0056482684495,26.9219314746058,26.8215908099204
Kazakhstan,KAZ,"Self-employed, total (% of total employment) (modeled ILO estimate)",SL.EMP.SELF.ZS,31.3510919502221,30.419569955585,28.6735565892294,26.9627694571019,26.927238078999,26.8907143941851,26.8479993097483,26.7851898099702,26.521011051142,26.3507954989823,26.3241481828882,26.2838567713334,26.2091403856492,26.1258279465708
Kazakhstan,KAZ,"Service exports (BoP, current US$)",BX.GSR.NFSV.CD,5430908296.16718,5970584064.43201,7002484343.26961,6177432154.15379,6084529823.04475,6504880103.08993,7319913577.85645,7754345036.8578,5208279294.7087,5935022034.52418,8191286634.12441,10662273227.5452,11821377978.1163,..
Kazakhstan,KAZ,"Service imports (BoP, current US$)",BM.GSR.NFSV.CD,14344549794.8951,14083520490.1563,13845946918.6189,10954430953.9738,9897119388.65312,10158056184.0356,12081607964.3439,11541022974.0196,8445656785.65116,8034559396.74642,9805958017.08537,12284964007.9297,12982741068.1419,..
Kazakhstan,KAZ,"Services, value added (% of GDP)",NV.SRV.TOTL.ZS,51.3898529954355,53.1795606876032,54.8385964696408,59.297627869996,57.857435042574,57.304415099355,55.454732268099,55.5282559332057,56.1027808941057,53.9193570155211,52.6439186616041,56.3444686710489,57.9427973400804,..
Kazakhstan,KAZ,"Services, value added (annual % growth)",NV.SRV.TOTL.KD.ZG,10.3999999999999,6.90000000000002,5.70000000000005,3.09999999999992,0.900000000000034,2.50000000000001,3.89999999999999,4.39999999999993,-5.29999999999995,4.40000000000005,2.4999999999999,5.20000000000007,4.60000000000002,..
Kazakhstan,KAZ,"Services, value added (constant 2015 US$)",NV.SRV.TOTL.KD,93855465792.3156,100331492931.985,106050388029.109,109337950058.011,110321991608.533,113080041398.746,117490163013.297,122659730185.882,116158764486.031,121269750123.416,124301493876.501,130765171558.08,136780369449.751,..
Kazakhstan,KAZ,"Services, value added (constant LCU)",NV.SRV.TOTL.KN,6557356286353.17,7009813870111.54,7409373260707.9,7639063831789.84,7707815406275.95,7900510791432.85,8208630712298.73,8569810463639.87,8115610509066.96,8472697371465.91,8684514805752.55,9136109575651.69,9556370616131.67,..
Kazakhstan,KAZ,"Services, value added (current LCU)",NV.SRV.TOTL.CN,15938658800000,19144123400000,21757669900000,24243321400000,27176302600000,31161486400000,34281858400000,38610254800000,39636072300000,45266156400000,54626235000000,67299123500000,79203932400000,..
Kazakhstan,KAZ,"Services, value added (current US$)",NV.SRV.TOTL.CD,106890158772.739,125841242527.805,121421214860.399,109337950058.011,79425714870.2361,95587081639.3113,99452504477.9268,100876619352.657,95981964867.6864,106281660689.234,118710103984.44,147532413709.951,168891824826.079,..
Kazakhstan,KAZ,"Services, value added per worker (constant 2015 US$)",NV.SRV.EMPL.KD,19911.2870983977,20789.3029977846,21015.4068422004,20325.0367391137,19723.1997654787,19605.8252110084,19861.0338982056,20280.198259277,19144.9306263917,19766.4031498886,19471.2201392933,19988.2668638705,20435.7278266104,..
Kazakhstan,KAZ,Sex ratio at birth (male births per female births),SP.POP.BRTH.MF,1.062,1.063,1.064,1.065,1.066,1.067,1.066,1.066,1.066,1.065,1.065,1.064,1.064,..
Kazakhstan,KAZ,"Share of youth not in education, employment or training, female (% of female youth population)",SL.UEM.NEET.FE.ZS,..,..,..,..,..,..,..,..,..,..,..,..,..,..
Kazakhstan,KAZ,"Share of youth not in education, employment or training, female (% of female youth population) (modeled ILO estimate)",SL.UEM.NEET.FE.ME.ZS,10.566,10.354,11.313,10.961,12.387,11.737,11.097,9.936,9.356,9.833,9.98,10.496,10.503,10.492
Kazakhstan,KAZ,"Share of youth not in education, employment or training, male (% of male youth population)",SL.UEM.NEET.MA.ZS,..,..,..,..,..,..,..,..,..,..,..,..,..,..
Kazakhstan,KAZ,"Share of youth not in education, employment or training, male (% of male youth population)  (modeled ILO estimate)",SL.UEM.NEET.MA.ME.ZS,5.458,5.668,6.203,5.97,6.615,6.02,5.686,5.13,4.892,5.075,4.904,5.172,5.165,5.176
Kazakhstan,KAZ,"Share of youth not in education, employment or training, total (% of youth population)",SL.UEM.NEET.ZS,8.026,8.021,8.763,8.464,9.491,..,..,..,..,..,..,..,..,..
Kazakhstan,KAZ,"Share of youth not in education, employment or training, total (% of youth population)  (modeled ILO estimate)",SL.UEM.NEET.ME.ZS,8.026,8.021,8.763,8.464,9.491,8.86,8.363,7.495,7.081,7.405,7.389,7.778,7.777,7.776
Kazakhstan,KAZ,"Short-term debt (% of exports of goods, services and primary income)",DT.DOD.DSTC.XP.ZS,9.62568595669748,9.89339881021288,12.3302375399402,12.4998528939415,14.8414040483662,13.1427309140549,12.1303247283346,12.9233319290244,18.5361427350272,16.3051875668745,16.8384957328406,20.4414475119123,20.437375594121,..
Kazakhstan,KAZ,Short-term debt (% of total external debt),DT.DOD.DSTC.ZS,6.6899,6.2531,6.1044,4.0092,4.0318,4.7087,5.1907,5.2854,5.504,6.9541,9.6622,11.2986,11.6956,..
Kazakhstan,KAZ,Short-term debt (% of total reserves),DT.DOD.DSTC.IR.ZS,32.1079076002143,38.4611388898521,33.4385645033683,22.474880235105,22.7422797883502,24.9728210737537,27.0068588571603,31.1561975511605,26.7015634909713,35.0743918171871,46.710996785257,53.8731493134067,42.7754278275045,..
Kazakhstan,KAZ,Social contributions (% of revenue),GC.REV.SOCL.ZS,2.58664752690271,2.69887752298367,2.86924541809459,4.17876864617051,3.9592644066909,3.10454486816845,3.25949336445695,..,..,..,..,..,..,..
Kazakhstan,KAZ,Social contributions (current LCU),GC.REV.SOCL.CN,183729847000,203244253000,225465900330.82,240589937000,264205287000,280158281000,333039392000,..,..,..,..,..,..,..
Kazakhstan,KAZ,"Specialist surgical workforce (per 100,000 population)",SH.MED.SAOP.P5,72.88,..,..,73.15,..,..,..,..,..,..,..,..,..,..
Kazakhstan,KAZ,Statistical performance indicators (SPI): Overall score (scale 0-100),IQ.SPI.OVRL,..,..,..,..,71.67625,72.4541666666667,79.2716666666667,78.8991666666667,78.5183333333333,82.6458333333333,81.9291666666667,82.8054166666667,84.8933333333333,..
Kazakhstan,KAZ,Statistical performance indicators (SPI): Pillar 1 data use score (scale 0-100),IQ.SPI.PIL1,60,60,60,80,100,100,100,100,90,100,100,100,100,..
Kazakhstan,KAZ,Statistical performance indicators (SPI): Pillar 2 data services score (scale 0-100),IQ.SPI.PIL2,..,..,..,..,45.7333333333333,47.6333333333333,82.1333333333333,82.1333333333333,88.3333333333333,88.3333333333333,89,89,90.1333333333333,..
Kazakhstan,KAZ,Statistical performance indicators (SPI): Pillar 3 data products score  (scale 0-100),IQ.SPI.PIL3,71.11875,70.0875,69.875,69.6125,71.55625,79.8875,80.175,78.3125,81.2,89.3875,85.6625,85.04375,79.175,..
Kazakhstan,KAZ,Statistical performance indicators (SPI): Pillar 4 data sources score (scale 0-100),IQ.SPI.PIL4,..,..,..,67.2666666666667,71.0916666666667,64.75,64.05,64.05,63.0583333333333,75.5083333333333,74.9833333333333,74.9833333333333,80.1583333333333,..
Kazakhstan,KAZ,Statistical performance indicators (SPI): Pillar 5 data infrastructure score (scale 0-100),IQ.SPI.PIL5,..,..,..,..,70,70,70,70,70,60,60,65,75,..
Kazakhstan,KAZ,"Stocks traded, total value (% of GDP)",CM.MKT.TRAD.GD.ZS,0.539907560962409,0.296195057655325,0.389132449156978,1.44070339142804,0.540272166169376,0.470764255001432,0.708877081603122,0.190127898044237,0.243713019691188,0.50964360291153,0.156273054057759,0.291632181972479,0.156621232963367,..
Kazakhstan,KAZ,"Stocks traded, total value (current US$)",CM.MKT.TRAD.CD,1123000000,700900000,861600000,2656490000,741676553.599681,785262029.071786,1271300000,345400000,416950000,1004570000,352390000,763610000,456520000,586960000
Kazakhstan,KAZ,"Stocks traded, turnover ratio of domestic shares (%)",CM.MKT.TRNR,..,2.67231351281693,3.75041787385781,7.61349058864125,1.89111599529271,1.62750689819381,3.435458,0.8490905,1.089984,1.526944,0.7696039,1.292537,0.7267339,..
Kazakhstan,KAZ,Subsidies and other transfers (% of expense),GC.XPN.TRFT.ZS,62.8487779843735,67.9531344420356,67.8473864755975,64.3270262369599,59.2689759269705,47.7421681096856,67.2584598841325,67.0930063958417,67.5635755729335,71.5090724201581,70.8745693844711,69.0441102056457,..,..
Kazakhstan,KAZ,Subsidies and other transfers (current LCU),GC.XPN.TRFT.CN,3079069973289.41,3573717130716.34,4121009228575.4,4073048430523.27,4546422662677.66,4939498853067.38,6114190559582.63,7494200864346.32,8034833279176.6,10275560367796,11888091179100,14387163448319.5,..,..
Kazakhstan,KAZ,"Suicide mortality rate (per 100,000 population)",SH.STA.SUIC.P5,25.34,24.64,22.37,21.6,19.94,18.87,18.56,18.8,16.99,14.6,..,..,..,..
Kazakhstan,KAZ,"Suicide mortality rate, female (per 100,000 female population)",SH.STA.SUIC.FE.P5,8.99,8.64,7.69,7.49,6.92,6.59,6.27,6.25,5.67,5.32,..,..,..,..
Kazakhstan,KAZ,"Suicide mortality rate, male (per 100,000 male population)",SH.STA.SUIC.MA.P5,43.18,42.08,38.35,36.92,34.07,32.17,31.81,32.21,29,24.4,..,..,..,..
Kazakhstan,KAZ,Surface area (sq. km),AG.SRF.TOTL.K2,2724902,2724902,2724902,2724902,2724902,2724902,2724902,2724902,2724900,2724900,2724902,2724902,..,..
Kazakhstan,KAZ,"Survey mean consumption or income per capita, bottom 40% of population (2021 PPP $ per day)",SI.SPR.PC40,..,..,..,..,7.2,..,..,..,..,8.62,..,..,..,..
Kazakhstan,KAZ,"Survey mean consumption or income per capita, total population (2021 PPP $ per day)",SI.SPR.PCAP,..,..,..,..,12.3,..,..,..,..,15.09,..,..,..,..
Kazakhstan,KAZ,"Survival to age 65, female (% of cohort)",SP.DYN.TO65.FE.ZS,80.779065,81.705662,82.548923,83.305109,83.972929,84.555802,85.058904,85.488133,82.171904,81.146237,84.872952,86.713235,86.324734,..
Kazakhstan,KAZ,"Survival to age 65, male (% of cohort)",SP.DYN.TO65.MA.ZS,57.746808,59.848384,61.704204,63.311618,64.694171,65.878045,66.88789,67.750526,62.992156,62.124933,67.23248,70.010664,69.674277,..
Kazakhstan,KAZ,"Tariff rate, applied, simple mean, all products (%)",TM.TAX.MRCH.SM.AR.ZS,7.49,7.62,6.95,6.91,5.12,4.79,4.64,5.39,4.17,4.48,4.75,..,..,..
Kazakhstan,KAZ,"Tariff rate, applied, simple mean, manufactured products (%)",TM.TAX.MANF.SM.AR.ZS,7.51,7.68,7.07,6.94,5.15,4.81,4.63,4.61,4.15,4.47,4.73,..,..,..
Kazakhstan,KAZ,"Tariff rate, applied, simple mean, primary products (%)",TM.TAX.TCOM.SM.AR.ZS,7.32,7.15,6.13,6.67,4.93,4.69,4.65,11.22,4.33,4.53,4.87,..,..,..
Kazakhstan,KAZ,"Tariff rate, applied, weighted mean, all products (%)",TM.TAX.MRCH.WM.AR.ZS,3.68,3.75,3.46,4.85,2.55,2.39,2.37,2.32,1.96,2.17,2.9,..,..,..
Kazakhstan,KAZ,"Tariff rate, applied, weighted mean, manufactured products (%)",TM.TAX.MANF.WM.AR.ZS,4.16,4.3,3.71,4.87,2.78,2.53,2.48,2.29,2.04,2.32,3.09,..,..,..
Kazakhstan,KAZ,"Tariff rate, applied, weighted mean, primary products (%)",TM.TAX.TCOM.WM.AR.ZS,2.06,1.84,2.33,4.72,1.74,1.84,1.89,2.58,1.65,1.53,2.15,..,..,..
Kazakhstan,KAZ,"Tariff rate, most favored nation, simple mean, all products (%)",TM.TAX.MRCH.SM.FN.ZS,8.81,8.68,8.06,7.52,6.53,6.31,6.24,8.07,5.6,5.8,6.27,..,..,..
Kazakhstan,KAZ,"Tariff rate, most favored nation, simple mean, manufactured products (%)",TM.TAX.MANF.SM.FN.ZS,8.26,8.23,7.74,7.2,6.17,5.95,5.83,7.22,5.35,5.74,6.17,..,..,..
Kazakhstan,KAZ,"Tariff rate, most favored nation, simple mean, primary products (%)",TM.TAX.TCOM.SM.FN.ZS,10.28,9.87,8.89,8.36,7.51,7.29,7.39,10.5,6.26,5.94,6.5,..,..,..
Kazakhstan,KAZ,"Tariff rate, most favored nation, weighted mean, all products (%)",TM.TAX.MRCH.WM.FN.ZS,7.88,7.3,6.58,5.62,5.39,5.15,5.01,6.87,4.32,4.89,5.73,..,..,..
Kazakhstan,KAZ,"Tariff rate, most favored nation, weighted mean, manufactured products (%)",TM.TAX.MANF.WM.FN.ZS,7.8,7.35,6.36,5.27,5.2,4.91,4.76,4.43,4,4.19,5.09,..,..,..
Kazakhstan,KAZ,"Tariff rate, most favored nation, weighted mean, primary products (%)",TM.TAX.TCOM.WM.FN.ZS,8.11,7.13,7.53,7.68,6.08,6.14,6.12,18.99,5.82,8.4,8.38,..,..,..
Kazakhstan,KAZ,Tax revenue (% of GDP),GC.TAX.TOTL.GD.ZS,13.3120981501594,16.0301777646187,14.1934327397187,9.8357115521941,9.92425019653,10.3030113756124,11.7177995865876,11.78694274063,8.3188093138288,9.44711136309549,12.0616921106992,11.8924774148637,..,..
Kazakhstan,KAZ,Tax revenue (current LCU),GC.TAX.TOTL.CN,4128772081647.1,5770707717059.7,5631362656584.7,4021245451509.67,4661534446187.4,5602659905062.1,7243889380709.6,8195770871611.1,5877158353971.6,7931000000000,12515877322355.5,14204647326368.6,..,..
Kazakhstan,KAZ,Taxes less subsidies on products (constant LCU),NY.TAX.NIND.KN,649397823995.021,716285799866.509,767142091657.031,709606434782.753,706768009043.622,750587625604.327,782862893505.313,815743135032.536,776587464550.974,841820811573.256,908324655687.543,975540680208.421,997978115853.215,..
Kazakhstan,KAZ,Taxes less subsidies on products (current LCU),NY.TAX.NIND.CN,2487096500000,3102424100000,3024260700000,2100233200000,2633564500000,3182998500000,4112983100000,4851021700000,3820798100000,4855517600000,7398003000000,8841170700000,8286490200000,..
Kazakhstan,KAZ,Taxes less subsidies on products (current US$),NY.TAX.NIND.CD,16679329365.412,20393354944.2232,16877239609.5852,9472101159.03411,7696880114.56628,9763768440.68983,11931863943.8283,12674214973.1262,9252372591.94128,11400404078.3503,16076848521.7259,19381519187.1362,17669835434.603,..
Kazakhstan,KAZ,Taxes on exports (% of tax revenue),GC.TAX.EXPT.ZS,11.0845787457521,25.4178144695459,26.8845901779515,22.8929690784678,17.3529288996244,20.612979217217,21.9267942566816,19.9573600729722,12.8415960765764,18.3053839364519,19.3034337367994,15.0327721405045,..,..
Kazakhstan,KAZ,Taxes on exports (current LCU),GC.TAX.EXPT.CN,457656992622.8,1466787781102,1513968771657,920582477783.4,808912758078.4,1154875121841.8,1588352720689.8,1635659503603.2,754720936597.8,1451800000000,2415994085500,2135352265935.25,..,..
Kazakhstan,KAZ,Taxes on goods and services (% of revenue),GC.TAX.GSRV.RV.ZS,13.636854200844,18.4751262037339,16.2478464021737,18.1033503143417,25.0111203632405,19.6336289375951,21.4394102139822,26.5253021001291,35.9314579332812,26.7644863556098,24.207180409094,29.9801442492554,..,..
Kazakhstan,KAZ,Taxes on goods and services (% value added of industry and services),GC.TAX.GSRV.VA.ZS,3.56138385848342,4.44856638757526,3.65479749160198,2.82784708392769,3.95523799430559,3.63516699672453,3.98365837550721,4.6454071048036,4.26408783596056,3.92716742920058,4.88577520319272,5.70724196932807,..,..
Kazakhstan,KAZ,Taxes on goods and services (current LCU),GC.TAX.GSRV.CN,968627194012.2,1391305530681.3,1276759141759.2,1042288836834.23,1669014633777.5,1771764933838.3,2190576063250.5,2860457927478.4,2687200267087.9,2940400000000,4442283030155.49,6051528356240.24,..,..
Kazakhstan,KAZ,"Taxes on income, profits and capital gains (% of revenue)",GC.TAX.YPKG.RV.ZS,33.615879483338,32.3361327511773,32.5999625776792,32.4653180695062,28.7518201906014,26.3592589795381,30.6744417464103,30.86025344697,27.9325897815054,28.2599989077206,28.8264826682958,27.1496445473259,..,..
Kazakhstan,KAZ,"Taxes on income, profits and capital gains (% of total taxes)",GC.TAX.YPKG.ZS,57.831709343698,42.1982167731665,45.4900879265468,46.4823643304337,41.1588701381092,42.4565264384691,43.2663602133552,40.6055040294911,35.5442214190915,39.1463875929895,42.2661193286962,38.5802508434621,..,..
Kazakhstan,KAZ,"Taxes on income, profits and capital gains (current LCU)",GC.TAX.YPKG.CN,2387739469721.9,2435135751790.7,2561711823943.1,1869169961391.72,1918634909149.5,2378694783850.2,3134167272914.8,3327934071519.9,2088990178486.3,3104700000000,5289975644100,5480188569942.14,..,..
Kazakhstan,KAZ,Taxes on international trade (% of revenue),GC.TAX.INTT.RV.ZS,10.8743131182693,23.4269756332715,22.8159990024018,19.2741595366235,16.0869405314324,16.0878505605825,18.7751718755513,18.6098487266596,14.6903802527746,17.1669913163787,15.1612075608819,13.2314720329437,..,..
Kazakhstan,KAZ,Taxes on international trade (current LCU),GC.TAX.INTT.CN,772403609177.5,1764214241693.2,1792885935996.3,1109697430340.82,1073496059741.9,1451789150883.4,1918356973606.2,2006864582292.1,1098647146803.2,1886000000000,2782247825900,2670788623845.51,..,..
Kazakhstan,KAZ,"Technical cooperation grants (BoP, current US$)",BX.GRT.TECH.CD.WD,43531482,52463012,40302809,55429062,38332688,40061936,35130212,40932004,42053487,37276231,34311372,37404172,..,..
Kazakhstan,KAZ,Technicians in R&D (per million people),SP.POP.TECH.RD.P6,64.11357,176.90469,183.96063,161.79134,149.23531,123.78306,123.85629,..,..,..,..,..,..,..
Kazakhstan,KAZ,Teenage mothers (% of women ages 15-19 who have had children or are currently pregnant),SP.MTR.1519.ZS,..,..,..,..,..,..,..,..,..,..,..,..,..,..
Kazakhstan,KAZ,Terms of trade adjustment (constant LCU),NY.TTF.GNFS.KN,2509772440256.72,2691903933032.21,2972259382507.3,1328635329688.06,1201112500757.43,1927286352817.8,2571391217830.65,2579532807736.05,1761244489068.39,2675053681956.88,4454105494960.52,3718160590847.5,3769000999763.02,..
Kazakhstan,KAZ,Terrestrial and marine protected areas (% of total territorial area),ER.PTD.TOTL.ZS,..,3.2,3.2,3.2,3.2,3.2,3.2,3.2,11.7,11.7,11.7,11.7,11.9,11.8
Kazakhstan,KAZ,Terrestrial protected areas (% of total land area),ER.LND.PTLD.ZS,..,3.3,3.3,3.3,3.3,3.3,3.3,3.3,10,10,10,10,10.1,10.1
Kazakhstan,KAZ,"Tertiary education, academic staff (% female)",SE.TER.TCHR.FE.ZS,64.0744121783326,67.1556081846773,67.9480825227681,65.1564717010878,63.2000420090845,65.7004416620214,64.4457238563802,66.2933955207462,65.2586511299435,..,..,..,66.6986959505834,67.2607622703592
Kazakhstan,KAZ,Textiles and clothing (% of value added in manufacturing),NV.MNF.TXTL.ZS.UN,1.00586589492542,0.919572168315373,0.897485449573605,0.937831147879817,0.898306995621864,0.918779127001613,0.850501992775326,0.880687280246003,0.835315009144597,0.83190677599629,0.813650416154494,..,..,..
Kazakhstan,KAZ,Time required to obtain an operating license (days),IC.FRM.DURS,..,45.72214508,..,..,..,..,..,25.99886513,..,..,..,..,17.06487656,..
Kazakhstan,KAZ,Time spent dealing with the requirements of government regulations (% of senior management time),IC.GOV.DURS.ZS,..,5.97184515,..,..,..,..,..,4.268827438,..,..,..,..,11.04311752,..
Kazakhstan,KAZ,Time to obtain an electrical connection (days),IC.ELC.DURS,..,33.15158463,..,..,..,..,..,18.08843994,..,..,..,..,14.51991653,..
Kazakhstan,KAZ,"Total alcohol consumption per capita (liters of pure alcohol, projected estimates, 15+ years of age)",SH.ALC.PCAP.LI,4.32,4.4,4.25,4.17,4.19,4.48,4.52,4.52,4.52,..,..,..,..,..
Kazakhstan,KAZ,"Total alcohol consumption per capita, female (liters of pure alcohol, projected estimates, female 15+ years of age)",SH.ALC.PCAP.FE.LI,1.39,1.41,1.36,1.33,1.32,1.42,1.43,1.43,1.43,..,..,..,..,..
Kazakhstan,KAZ,"Total alcohol consumption per capita, male (liters of pure alcohol, projected estimates, male 15+ years of age)",SH.ALC.PCAP.MA.LI,7.7,7.83,7.57,7.44,7.47,7.98,8.06,8.06,8.06,..,..,..,..,..
Kazakhstan,KAZ,"Total debt service (% of exports of goods, services and primary income)",DT.TDS.DECT.EX.ZS,24.5837959573588,32.2228277367805,39.4342474266966,70.3930594217248,45.6795104482137,48.7861705508129,49.7842789313445,48.8739232570914,64.0774877263295,44.249543629459,51.1629261851802,50.2633943567233,48.4343756201676,..
Kazakhstan,KAZ,Total debt service (% of GNI),DT.TDS.DECT.GN.ZS,12.9008870684899,14.6253691420533,15.741664175671,20.4057564137142,16.7339350762573,19.1730857434352,21.8302111315872,21.4625207341477,21.0855914785503,18.9234445819589,24.8938982781025,20.2562258303026,17.2914335403631,..
Kazakhstan,KAZ,Total fisheries production (metric tons),ER.FSH.PROD.MT,37677,35503,37547,41191.4,43212.543,44095.995,42936.41,52577.702,49424.664,49305.073,55989.132,52923.651,..,..
Kazakhstan,KAZ,Total greenhouse gas emissions excluding LULUCF (% change from 1990),EN.GHG.TOT.ZG.AR5,-5.68242011593841,-0.556756856252072,-12.869714045635,-23.1673201021773,-18.5981799637068,-14.3012534917823,-12.7351703154167,-15.8163239964952,-13.4149594513537,-7.77873122194632,-5.64928817455566,-4.50086029101764,-3.46938757622318,..
Kazakhstan,KAZ,Total greenhouse gas emissions excluding LULUCF (Mt CO2e),EN.GHG.ALL.MT.CE.AR5,322.8188,340.3623,298.219,262.9736,278.6123,293.3193,298.6795,288.1337,296.3528,315.6438,322.9322,326.8629,330.3933,..
Kazakhstan,KAZ,Total greenhouse gas emissions excluding LULUCF per capita (t CO2e/capita),EN.GHG.ALL.PC.CE.AR5,18.653462540909,19.3866807864118,16.7385625005437,14.5416468956909,15.1719869742316,15.7259481605417,15.7758309196557,14.9994989472687,15.2115296299678,15.9871427722691,16.1187173655348,16.0777780576036,16.0442957802598,..
Kazakhstan,KAZ,Total greenhouse gas emissions including LULUCF (Mt CO2e),EN.GHG.ALL.LU.MT.CE.AR5,337.3112,343.3246,304.7865,273.3985,292.6851,311.1563,320.2535,307.2588,312.3164,320.2209,326.8787,330.8094,..,..
Kazakhstan,KAZ,Total natural resources rents (% of GDP),NY.GDP.TOTL.RT.ZS,21.9826967680593,18.2187488150502,17.2500802611251,9.32876500546085,11.0336820575133,14.897596398127,20.7829646926253,17.9259738525419,12.8406951964892,26.8423173327291,..,..,..,..
Kazakhstan,KAZ,Total reserves (% of total external debt),FI.RES.TOTL.DT.ZS,20.8357193631031,16.2583331260009,18.2555730687253,17.8388585013977,17.7285877588253,18.8554414076969,19.2200898039653,16.9643451928874,20.6132314221737,19.826926280196,20.6852391034401,20.9726120221524,27.3420275033964,..
Kazakhstan,KAZ,"Total reserves (includes gold, current US$)",FI.RES.TOTL.CD,28299368221.4887,24691645318.1413,29250310667.5371,27854795818.7629,29603056785.2248,30746770568.3835,30976612438.5176,28957509931.0023,35638096635.119,34377998805.6455,35076053023.0673,35964591353.82,45807523139.2563,..
Kazakhstan,KAZ,Total reserves in months of imports,FI.RES.TOTL.MO,3.72323921369479,3.2661794500647,4.32182944104254,5.68829985813844,6.81127436878553,5.97546684476117,5.18798743503507,4.46057061758816,6.7096213248312,5.42839331910088,4.68627763510631,4.18748652721123,5.31995501664867,..
Kazakhstan,KAZ,Total reserves minus gold (current US$),FI.RES.XGLD.CD,22131546173.3606,19126570709.2453,21813960379.1329,20294757150.7029,20095957328.3236,18248787467.0746,16536058089.5061,10082162364.2103,12056059795.5889,10831712873.9726,14584854725.4803,16454546721.244,21979739005.0893,..
Kazakhstan,KAZ,Trade (% of GDP),NE.TRD.GNFS.ZS,73.7237324891671,65.4076093299538,64.9720346513507,53.0497288072652,60.3115965864153,56.825387935971,63.5279565118188,64.8586165517565,57.0264423660931,58.6686085779207,68.3343147415612,62.3342837675021,57.1613431963924,..
Kazakhstan,KAZ,Trade in services (% of GDP),BG.GSR.NFSV.GD.ZS,9.50749719043613,8.47471344667171,9.41597158544519,9.29118245555613,11.6417867015701,9.98942327138534,10.8182914886298,10.6212731959992,7.98091376139817,7.08711967488453,7.98116968775852,8.76383607498811,8.5097075869515,..
Kazakhstan,KAZ,"Trademark applications, nonresident, by count",IP.TMK.NRCT,16526,17921,..,..,14391,..,16878,15954,15330,16019,..,..,..,..
Kazakhstan,KAZ,"Trademark applications, resident, by count",IP.TMK.RSCT,6209,7048,..,..,8491,..,10569,11517,10454,13043,..,..,..,..
Kazakhstan,KAZ,Trained teachers in lower secondary education (% of total teachers),SE.SEC.TCAQ.LO.ZS,..,..,..,..,..,..,..,..,..,..,..,..,..,..
Kazakhstan,KAZ,"Trained teachers in lower secondary education, female (% of female teachers)",SE.SEC.TCAQ.LO.FE.ZS,..,..,..,..,..,..,..,..,..,..,..,..,..,..
Kazakhstan,KAZ,"Trained teachers in lower secondary education, male (% of male teachers)",SE.SEC.TCAQ.LO.MA.ZS,..,..,..,..,..,..,..,..,..,..,..,..,..,..
Kazakhstan,KAZ,Trained teachers in preprimary education (% of total teachers),SE.PRE.TCAQ.ZS,..,..,100,100,100,100,100,100,100,100,100,100,100,100
Kazakhstan,KAZ,"Trained teachers in preprimary education, female (% of female teachers)",SE.PRE.TCAQ.FE.ZS,..,..,100,100,100,100,100,100,100,100,100,100,100,100
Kazakhstan,KAZ,"Trained teachers in preprimary education, male (% of male teachers)",SE.PRE.TCAQ.MA.ZS,..,..,100,100,100,100,100,100,100,100,100,100,100,100
Kazakhstan,KAZ,Trained teachers in primary education (% of total teachers),SE.PRM.TCAQ.ZS,..,..,100,100,100,100,100,100,100,100,100,100,100,100
Kazakhstan,KAZ,"Trained teachers in primary education, female (% of female teachers)",SE.PRM.TCAQ.FE.ZS,..,..,100,100,100,100,100,100,100,100,100,100,100,100
Kazakhstan,KAZ,"Trained teachers in primary education, male (% of male teachers)",SE.PRM.TCAQ.MA.ZS,..,..,100,100,100,100,100,100,100,100,100,100,100,100
Kazakhstan,KAZ,Trained teachers in secondary education (% of total teachers),SE.SEC.TCAQ.ZS,..,..,..,100,100,100,100,100,100,100,100,100,100,..
Kazakhstan,KAZ,"Trained teachers in secondary education, female (% of female teachers)",SE.SEC.TCAQ.FE.ZS,..,..,..,100,100,100,100,100,100,100,100,100,100,..
Kazakhstan,KAZ,"Trained teachers in secondary education, male (% of male teachers)",SE.SEC.TCAQ.MA.ZS,..,..,..,100,100,100,100,100,100,100,100,100,100,..
Kazakhstan,KAZ,Trained teachers in upper secondary education (% of total teachers),SE.SEC.TCAQ.UP.ZS,..,..,..,..,..,..,..,..,..,..,..,..,..,..
Kazakhstan,KAZ,"Trained teachers in upper secondary education, female (% of female teachers)",SE.SEC.TCAQ.UP.FE.ZS,..,..,..,..,..,..,..,..,..,..,..,..,..,..
Kazakhstan,KAZ,"Trained teachers in upper secondary education, male (% of male teachers)",SE.SEC.TCAQ.UP.MA.ZS,..,..,..,..,..,..,..,..,..,..,..,..,..,..
Kazakhstan,KAZ,Transport services (% of commercial service exports),TX.VAL.TRAN.ZS.WT,49.6419571544806,49.570285584372,58.2949745682403,59.513017137721,55.8265315788729,55.2348665799989,56.7388141240475,53.154116664585,66.99942162827,69.4168214115648,58.9290368144726,48.7845315336665,47.3901348067174,..
Kazakhstan,KAZ,Transport services (% of commercial service imports),TM.VAL.TRAN.ZS.WT,19.2105024819819,20.1688967529294,17.7370513653844,17.1144171313073,16.122282326259,17.3113352519808,17.6003650143598,21.9280967260889,26.1666875364622,25.6426981751617,28.2287245295033,28.271024591171,26.2044851621122,..
Kazakhstan,KAZ,"Transport services (% of service exports, BoP)",BX.GSR.TRAN.ZS,47.6076312400028,47.7880803400774,56.1050943314474,56.9310438680799,53.8348063060047,53.1662678397042,54.8054239577831,51.2459523335285,64.4899159811987,67.021382701596,57.2799663976807,47.5990593620229,46.2486868394191,..
Kazakhstan,KAZ,"Transport services (% of service imports, BoP)",BM.GSR.TRAN.ZS,19.0574884715029,19.9969298017294,17.5423712361249,16.8046394011429,15.8601089801501,17.0837237927071,17.408325136514,21.6791376271575,25.7714064019478,25.1821917850296,27.8508574829478,27.9173141044869,25.8481839284689,..
Kazakhstan,KAZ,Travel services (% of commercial service exports),TX.VAL.TRVL.ZS.WT,37.0432760474594,36.621292238513,29.6830186134106,27.6164278445233,31.6744563876922,34.1052524415335,31.8871588808308,32.8518650337816,12.2306790641929,10.6142664768233,18.7213779496398,21.687225776896,22.2850239651765,..
Kazakhstan,KAZ,Travel services (% of commercial service imports),TM.VAL.TRVL.ZS.WT,22.9931380857326,24.839240286486,25.665244942765,26.6571050560238,25.1278958491385,25.5358557692644,22.4849659441263,23.9734597362489,11.3326422385696,20.9151840901359,25.147963468613,28.1144642530385,30.7076675409413,..
Kazakhstan,KAZ,"Travel services (% of service exports, BoP)",BX.GSR.TRVL.ZS,35.5252437066717,35.3046433971576,28.5679609894679,26.4182886486475,30.5444056124152,32.8279780203885,30.800595469838,31.6725253889953,11.7725712561972,10.2479889049109,18.1974788294908,21.16022260949,21.7482625609308,..
Kazakhstan,KAZ,"Travel services (% of service imports, BoP)",BM.GSR.TRVL.ZS,22.8099949183275,24.6274523798634,25.3835457414713,26.1746008939685,24.7192772427818,25.2001073529323,22.2396295485599,23.7012787527027,11.1614482471686,20.5395771294914,24.811335199318,27.7627125575265,30.290136734308,..
Kazakhstan,KAZ,"Tuberculosis case detection rate (%, all forms)",SH.TBS.DTEC.ZS,99,99,99,99,99,99,99,99,80,86,94,95,99,..
Kazakhstan,KAZ,Tuberculosis treatment success rate (% of new cases),SH.TBS.CURE.ZS,86,89,90,91,88,91,90,90,88,89,90,90,..,..
Kazakhstan,KAZ,UHC service coverage index,SH_UHC_SCI,82,82,82,82,82,82,82,83,83,84,84,83,..,..
Kazakhstan,KAZ,UHC service coverage sub-index on infectious diseases,SH_UHC_SCI_ID,97,97,97,97,98,98,98,98,98,98,98,98,..,..
Kazakhstan,KAZ,UHC service coverage sub-index on non-communicable diseases,SH_UHC_SCI_NCD,60,61,62,62,63,64,65,65,66,66,67,67,..,..
Kazakhstan,KAZ,"UHC service coverage sub-index on reproductive, maternal, newborn and child health",SH_UHC_SCI_RMNCH,80,81,81,81,80,81,81,81,80,81,81,81,..,..
Kazakhstan,KAZ,UHC service coverage sub-index on service capacity and access,SH_UHC_SCI_CAPACITY,95,94,95,92,91,90,89,94,93,96,93,88,..,..
Kazakhstan,KAZ,Unemployment with advanced education (% of total labor force with advanced education),SL.UEM.ADVN.ZS,3.918,3.712,..,..,..,3.486,..,..,..,..,..,..,..,..
Kazakhstan,KAZ,"Unemployment with advanced education, female (% of female labor force with advanced education)",SL.UEM.ADVN.FE.ZS,4.721,4.086,..,..,..,3.729,..,..,..,..,..,..,..,..
Kazakhstan,KAZ,"Unemployment with advanced education, male (% of male labor force with advanced education)",SL.UEM.ADVN.MA.ZS,2.946,3.249,..,..,..,3.205,..,..,..,..,..,..,..,..
Kazakhstan,KAZ,Unemployment with basic education (% of total labor force with basic education),SL.UEM.BASC.ZS,7.177,6.636,..,..,..,6.695,..,..,..,..,..,..,..,..
Kazakhstan,KAZ,"Unemployment with basic education, female (% of female labor force with basic education)",SL.UEM.BASC.FE.ZS,9.152,8.482,..,..,..,8.313,..,..,..,..,..,..,..,..
Kazakhstan,KAZ,"Unemployment with basic education, male (% of male labor force with basic education)",SL.UEM.BASC.MA.ZS,5.516,5.132,..,..,..,5.464,..,..,..,..,..,..,..,..
Kazakhstan,KAZ,Unemployment with intermediate education (% of total labor force with intermediate education),SL.UEM.INTM.ZS,4.976,5.369,..,..,..,5.305,..,..,..,..,..,..,..,..
Kazakhstan,KAZ,"Unemployment with intermediate education, female (% of female labor force with intermediate education)",SL.UEM.INTM.FE.ZS,6.168,5.804,..,..,..,3.06,..,..,..,..,..,..,..,..
Kazakhstan,KAZ,"Unemployment with intermediate education, male (% of male labor force with intermediate education)",SL.UEM.INTM.MA.ZS,3.898,4.978,..,..,..,4.779,..,..,..,..,..,..,..,..
Kazakhstan,KAZ,"Unemployment, female (% of female labor force) (modeled ILO estimate)",SL.UEM.TOTL.FE.ZS,6.463,5.851,5.67,5.502,5.512,5.421,5.379,5.34,5.377,6.155,5.502,5.473,5.47,5.461
Kazakhstan,KAZ,"Unemployment, female (% of female labor force) (national estimate)",SL.UEM.TOTL.FE.NE.ZS,6.476,5.869,..,5.708,..,5.4,..,..,5.4,..,5.5,..,..,..
Kazakhstan,KAZ,"Unemployment, male (% of male labor force) (modeled ILO estimate)",SL.UEM.TOTL.MA.ZS,4.125,4.555,4.457,4.367,4.42,4.392,4.339,4.286,4.436,5.017,4.261,4.238,4.236,4.127
Kazakhstan,KAZ,"Unemployment, male (% of male labor force) (national estimate)",SL.UEM.TOTL.MA.NE.ZS,4.132,4.566,..,4.268,..,4.4,..,..,4.4,..,4.3,..,..,..
Kazakhstan,KAZ,"Unemployment, total (% of total labor force) (modeled ILO estimate)",SL.UEM.TOTL.ZS,5.29,5.2,5.06,4.93,4.96,4.9,4.85,4.8,4.89,5.568,4.86,4.835,4.833,4.771
Kazakhstan,KAZ,"Unemployment, total (% of total labor force) (national estimate)",SL.UEM.TOTL.NE.ZS,5.286,5.205,..,4.971,..,4.9,..,..,4.9,..,4.9,..,..,..
Kazakhstan,KAZ,"Unemployment, youth female (% of female labor force ages 15-24) (modeled ILO estimate)",SL.UEM.1524.FE.ZS,5.114,4.256,4.131,4.016,4.029,3.978,3.991,4.012,4.172,5.115,4.961,4.946,4.944,4.889
Kazakhstan,KAZ,"Unemployment, youth female (% of female labor force ages 15-24) (national estimate)",SL.UEM.1524.FE.NE.ZS,5.094,4.265,..,4.662,..,3.966,..,..,4.151,..,4.925,..,..,..
Kazakhstan,KAZ,"Unemployment, youth male (% of male labor force ages 15-24) (modeled ILO estimate)",SL.UEM.1524.MA.ZS,2.899,3.629,3.581,3.539,3.613,3.628,3.593,3.558,3.445,3.46,2.87,2.863,2.865,2.892
Kazakhstan,KAZ,"Unemployment, youth male (% of male labor force ages 15-24) (national estimate)",SL.UEM.1524.MA.NE.ZS,2.884,3.635,..,3.591,..,3.621,..,..,3.42,..,2.839,..,..,..
Kazakhstan,KAZ,"Unemployment, youth total (% of total labor force ages 15-24) (modeled ILO estimate)",SL.UEM.1524.ZS,3.94,3.923,3.838,3.761,3.806,3.79,3.776,3.766,3.775,4.216,3.822,3.814,3.816,3.806
Kazakhstan,KAZ,"Unemployment, youth total (% of total labor force ages 15-24) (national estimate)",SL.UEM.1524.NE.ZS,3.926,3.914,..,4.091,..,3.78,..,..,3.776,..,3.814,..,..,..
Kazakhstan,KAZ,Unmet need for contraception (% of married women ages 15-49),SP.UWT.TFRT,..,..,..,9.804698364,..,..,15.47,..,..,..,..,..,..,..
Kazakhstan,KAZ,Urban land area (sq. km),AG.LND.TOTL.UR.K2,..,..,..,6363.38993307,..,..,..,..,..,..,..,..,..,..
Kazakhstan,KAZ,Urban land area where elevation is below 5 meters (% of total land area),AG.LND.EL5M.UR.ZS,..,..,..,0,..,..,..,..,..,..,..,..,..,..
Kazakhstan,KAZ,Urban land area where elevation is below 5 meters (sq. km),AG.LND.EL5M.UR.K2,..,..,..,0,..,..,..,..,..,..,..,..,..,..
Kazakhstan,KAZ,Urban population,SP.URB.TOTL,9465070,9669766,9897380,10147137,10420907,10717147,11026194,11349629,11686761,12049571,12310097,12555078,12782330,..
Kazakhstan,KAZ,Urban population (% of total population),SP.URB.TOTL.IN.ZS,54.69208192838,55.0779764821252,55.5524361787178,56.1106048930882,56.7476265001667,57.4586448748837,58.2388038921695,59.0832474269546,59.9871193541692,61.030254280267,61.444157327248,61.7560919499181,62.072531584162,..
Kazakhstan,KAZ,Urban population growth (annual %),SP.URB.GROW,1.93331414175105,2.13959303180001,2.32659650306526,2.49215210825037,2.66224799496263,2.8030905478964,2.84287326267534,2.89113413798135,2.92716065006808,3.05723949739748,2.13907622947007,1.97053853166674,1.79385431962336,..
Kazakhstan,KAZ,Urban population living in areas where elevation is below 5 meters (% of total population),EN.POP.EL5M.UR.ZS,..,..,..,0,..,..,..,..,..,..,..,..,..,..
Kazakhstan,KAZ,"Use of IMF credit (DOD, current US$)",DT.DOD.DIMF.CD,528168008.4,529226213.6,497887642.3,476211856,461984986.5,489409425.8,477951085.9,475213542.8,494954019.4,2034908669.5,1934951018.3,1950690959.8,1896117852,..
Kazakhstan,KAZ,Use of insecticide-treated bed nets (% of under-5 population),SH.MLR.NETS.ZS,..,..,..,..,..,..,..,..,..,..,..,..,..,..
Kazakhstan,KAZ,Value lost due to electrical outages (% of sales for affected firms),IC.FRM.OUTG.ZS,..,0,..,..,..,..,..,0,..,..,..,..,0,..
Kazakhstan,KAZ,Vitamin A supplementation coverage rate (% of children ages 6-59 months),SN.ITK.VITA.ZS,..,..,..,..,..,..,..,..,..,..,..,..,..,..
Kazakhstan,KAZ,"Vulnerable employment, female (% of female employment) (modeled ILO estimate)",SL.EMP.VULN.FE.ZS,29.9251765507123,28.5085995062943,26.6651788095916,24.8691851947589,24.8107261011802,24.7704541362411,24.7241149025395,24.6732237285662,24.4646791193781,24.3025811773337,24.6328989675415,24.6058644974896,24.5332482698575,24.4578627459303
Kazakhstan,KAZ,"Vulnerable employment, male (% of male employment) (modeled ILO estimate)",SL.EMP.VULN.MA.ZS,28.5136325439187,28.628277013894,27.473767108704,26.3451506743067,26.3231382919402,26.281406447516,26.219763312014,26.1349761586617,25.9276581814728,25.6657345474956,25.3064858277852,25.2741177536131,25.1918770127734,25.0949338833698
Kazakhstan,KAZ,"Vulnerable employment, total (% of total employment) (modeled ILO estimate)",SL.EMP.VULN.ZS,29.2082049278269,28.5690937330718,27.0742881279755,25.617530717533,25.5794596029812,25.5396055974042,25.4889217830775,25.4262260484176,25.2248842940699,25.0104340498962,24.9834881396574,24.953358583172,24.8754953471453,24.7894583458084
Kazakhstan,KAZ,"Wage and salaried workers, female (% of female employment) (modeled ILO estimate)",SL.EMP.WORK.FE.ZS,68.6936209025975,70.3614926389802,72.3760619327496,74.3423242381982,74.3979398847145,74.4319550629354,74.4696696478041,74.5171863303713,74.7314508557015,74.8747187330624,74.4705377917728,74.4980952333402,74.5619721088966,74.6294554933089
Kazakhstan,KAZ,"Wage and salaried workers, male (% of male employment) (modeled ILO estimate)",SL.EMP.WORK.MA.ZS,68.6055935262928,68.8162935418714,70.3015554111822,71.7682816559727,71.7907745893924,71.8336495610947,71.892812427837,71.9889347853085,72.3211468920037,72.5147325088281,72.943688228414,72.9943517315506,73.0780685253942,73.1784293448237
Kazakhstan,KAZ,"Wage and salaried workers, total (% of total employment) (modeled ILO estimate)",SL.EMP.WORK.ZS,68.6489080497779,69.5804416440377,71.3264434107706,73.0372191243776,73.0727732581123,73.1092856058149,73.1520006902517,73.2147991980232,73.478988948858,73.6492154669136,73.6758518171118,73.7161432286666,73.7908596143508,73.8741720534292
Kazakhstan,KAZ,Wanted fertility rate (births per woman),SP.DYN.WFRT,..,..,..,..,..,..,..,..,..,..,..,..,..,..
Kazakhstan,KAZ,"Water productivity, total (constant 2015 US$ GDP per cubic meter of total freshwater withdrawal)",ER.GDP.FWTL.M3.KD,7.30139102816688,7.56797001272066,7.89368256363679,8.51442578066318,8.61803324655134,8.64331734029716,8.58109808465113,8.97716195826721,8.37214834668292,8.75637009352974,8.87405604426414,..,..,..
Kazakhstan,KAZ,WBL: Enforcement Perceptions Index (scale 0-100),GD_WBL_OVL_ENF,..,..,..,..,..,..,..,..,..,..,..,..,..,..
Kazakhstan,KAZ,WBL: Legal Framework Index (scale 0-100),GD_WBL_OVL_LAW,..,..,..,..,..,..,..,..,..,..,..,..,..,73
Kazakhstan,KAZ,WBL: Supportive Framework Index (scale 0-100),GD_WBL_OVL_SFR,..,..,..,..,..,..,..,..,..,..,..,..,..,57.43
Kazakhstan,KAZ,Wholesale price index (2010 = 100),FP.WPI.TOTL,113.12798162436,120.519465221744,129.807409152483,127.045173449555,150.750927616467,160.404028505801,..,..,..,..,..,..,..,..
Kazakhstan,KAZ,"Women making their own informed decisions regarding sexual relations, contraceptive use and reproductive health care (% of women age 15-49)",SG.DMK.SRCR.FN.ZS,..,..,..,..,..,..,..,..,..,..,..,..,..,..
Kazakhstan,KAZ,"Women participating in the three decisions (own health care, major household purchases, and visiting family) (% of women age 15-49)",SG.DMK.ALLD.FN.ZS,..,..,..,..,..,..,..,..,..,..,..,..,..,..
Kazakhstan,KAZ,Women who believe a husband is justified in beating his wife (any of five reasons) (%),SG.VAW.REAS.ZS,..,..,..,..,..,..,..,..,..,..,..,..,..,..
Kazakhstan,KAZ,Women who believe a husband is justified in beating his wife when she argues with him (%),SG.VAW.ARGU.ZS,..,..,..,..,..,..,..,..,..,..,..,..,..,..
Kazakhstan,KAZ,Women who believe a husband is justified in beating his wife when she burns the food (%),SG.VAW.BURN.ZS,..,..,..,..,..,..,..,..,..,..,..,..,..,..
Kazakhstan,KAZ,Women who believe a husband is justified in beating his wife when she goes out without telling him (%),SG.VAW.GOES.ZS,..,..,..,..,..,..,..,..,..,..,..,..,..,..
Kazakhstan,KAZ,Women who believe a husband is justified in beating his wife when she neglects the children (%),SG.VAW.NEGL.ZS,..,..,..,..,..,..,..,..,..,..,..,..,..,..
Kazakhstan,KAZ,Women who believe a husband is justified in beating his wife when she refuses sex with him (%),SG.VAW.REFU.ZS,..,..,..,..,..,..,..,..,..,..,..,..,..,..
Kazakhstan,KAZ,Women who were first married by age 15 (% of women ages 20-24),SP.M15.2024.FE.ZS,..,..,..,0.2,..,..,..,..,..,..,..,..,..,..
Kazakhstan,KAZ,Women who were first married by age 18 (% of women ages 20-24),SP.M18.2024.FE.ZS,..,..,..,7,..,..,..,..,..,..,..,..,..,..
Kazakhstan,KAZ,Women's share of population ages 15+ living with HIV (%),SH.DYN.AIDS.FE.ZS,49.2836658653266,49.3167907602816,49.3844826302375,49.3652194114592,49.3613122370219,49.4197894786983,49.4359032230267,49.3884130721425,49.3481108375112,49.2613815838185,49.1526227829077,49.0226307271108,48.8558354606867,..
Kazakhstan,KAZ,Young people (ages 15-24) newly infected with HIV,SH.HIV.INCD.YG,500,500,500,500,500,500,500,500,500,500,500,500,500,..
,,,,,,,,,,,,,,,,,
,,,,,,,,,,,,,,,,,
,,,,,,,,,,,,,,,,,
Data from database: World Development Indicators,,,,,,,,,,,,,,,,,
Last Updated: 04/08/2026,,,,,,,,,,,,,,,,,
